Romae_1607	Valencia_BH_Ms_0594	BNF_Lat_1234	Planck	Bevilaqua_1498	BNE_9236	Geneve_Ms_Lat_92	BNF_Lat_6477
Ostenso,  quod nec in potentiis naturalibus,  nec in sensibus habent esse virtutes:  restat ostendere,  quomodo distinguuntur virtutes,  et quomodo in appetitu et intellectu existunt. Distinguendum est igitur de virtutibus, 	steanso  quem nec in potetu.tiis naturalibus.  nec in sensibus hocnt esse uirtutes restat ostendere quomodo distinguntur uirtutes  et quomodo in intllectu et appetitu existunt distinguendum enim ergo de uirtutibus 	in potenciis nailibus  nec insensibus habent esse uirtutes.  Restat ostendere quon distinguntur uirtutes  et quon in intllecu  et appetitu existunt.  distinguendum enim gͦ de uͥtutibus 	Stenso ꝙ  nec in potentiis naturalibus  nec in sensibus habent esse uirtutes. Restat ostendere.  quomodo dĩstingiintur  tirtutes:⁊  quomodo in appetitu⁊ intellectu existunt. Distinguendum est igit᷑ de rirtutibus ⁊ 	STENSO ꝙ  nec in potẽtus naturalibus  nec in sensibus hñt esse uirtutes.  Restat oñdere quomo' do distinguunt᷑ uirtutes:  &  quomodo in appetitu& ĩ intellectu  existũt.Distinguenduest igit de uirturibus & 	stenso quem nec in poᷤ nͣlibus et  appetitu.nec in sensibus habent esse uirtutes.  Re-stat ostendere quno distiguntur iltutes 	odtenso  quem nec in potenciis naturalibus  nec in sensibzhabent esse uirtutes.  Restat ostendere  quo modo distinguntur uirtutes  et quomodo in intellectu et appetitu sexistunt.  ¶ Distinguendun est de uirtutibus 	Stenso q nͦ in potencus naturalibus n᷑ insensibus habent cem uirtutes.  restat ostendere quo distinguntur uirtutes.  et quon in intlłu  et appetitu existumt. Distinguendum enim gͦ der untutibus 
et de huiusmodi potentiis:  nam virtutum quaedam sunt intellectuales,  quaedam morales,  quaedam mediae inter intellectuales et morales. Virtutes intellectuales dicuntur illae quae sunt in intellectu speculatiuo,  cuiusmodi sunt scientiae speculatiuae,  ut naturalis Philosophia,  Geometria, Metaphysica,  et caetera talia.  Virtutes vero simpliciter morales sunt illae,  quae sunt in appetitu,  siue appetitus ille sit sensitiuus,  siue intellectiuus,  cuiusmodi sunt Iustitia,  Temperantia, Fortitudo,  Mansuetudo,  et caetera talia,  de quibus sumus singulariter tractaturi. Virtutes autem mediae inter intellectuales et morales,  sunt virtutes existentes in intellectu practico,  ut Prudentia,  et aliae virtutes sibi annexae. Prudentia autem,  secundum Commentatorem super libris Ethicorum,  media est inter virtutes morales,  et intellectuales; computari tamen potest cum virtutibus moralibus:  nam Prudentia non est nisi in hominibus bonis,  sicut nec virtutes morales: praui enim homines 	et hin potenciis.  Nam uirtutum quedam s̾ inontllectuałsquedam morales quedam m̃die inter millectuales  et morales. Uirtutes mellectuales dicuterille que sunt in itllectu spculatiuo.  eius scientie sunt speculatiue  ut naturalis philo sophia. geometria methaphisica etet  c̃.talia uirtutes uero sinplicit̃ morales.  sunt ille que sunt in appetitu.  siue appetitus ille sit sensitiuus.  sine intlłetiuus.  cuius modi autem surituusticia.  temperancia.  fortitudomansuetudo  et cetera talia.  de quibus simus singulariter tractatimr Toirtutes autem medie inter intłlectuałs et morales. Sunt uirtutes existentes in intlsctu practico.  et pridentia et alie uirtutes. igitur annexe. Prudentia  secundum conmentatorem. Supͣlibrum ethicorum media e̾ inter untutes morales  et intellectuales computari tam̃ pocest cum nurtutibus moralibu.  Nam prudentia non in enim nisi hominibus bonis.  Sicut nec uirtutes morales. praui enin homines 	et de hius potenciis.  Nam uͥ tutum quedam sunt intllt̃uales.  que dam morales.  quedam  medie inter intellectuales  et moralessuirtutes intellectuales dnonr inlle que st̃ inintellectu speculatiuo  cuius modi st̃ sciue speculatiue uͭ naturalis ph̃ia geometͥa mechaphocica  et cetera talia.  uirtutes uero simpliter morales  st̃ ille que sin appetitu  siue appetitus ille sit sensitiuus siue intellectiuus.  cuiusmodi autem st̃ uisticiatenperantia fortiᵈ ͦ mansue ᵈ ͦ  et ceta talia  de quibus sumus singłariter tractaturs  ututes autem medie inter intenllectuales  et morales  st̃ ututes exnontes in intellectu  ut p̾tencia  et alieuirtutes sibͥ amuxte. p̾dencia anscd̃m ꝯuicatorem  super libꝵ echoc.  media est  inter uirtutes morales  et intellectuales. computari tnon potest  cum ututibus moralibus Nam prudencia non mest non honinbus bonis sicut nec uirtutes morales pͣui .ii. honies 	de huiusmodi potentiis:  namuirtutum  quedam sunt intellectuales:  quedaz morales:  quedam medie icirer iitellectuales ⁊morales. Cututes ĩtellectuales dicuneur ille que sunt in intellectu. speculariuo euiusmodisunt scientie speculatiue:  ut naturalis philosophia geometria:  methaphisica ⁊  cetera talia:  Uirtutes pero simpliciter morales sunt ille:  q̃sunt in appetitu siue appetitus ille sit sensitiuus:  siue intellectinus:  cuiusmodi autem sunt iusticia remperantia:  fortitudo:  mansuetudo.  ⁊cetera talia de quibus sumꝰ singulariter traetaruri. Uirtutes autem medie inter inrellectudles ⁊ morales sunt uirtutes cristentes in iitellectu practico  ut prudentia ⁊ alie mirtutes sibl annexe.  Prudentia autem sed̾m cõmentatorem  super libris ethicorum  media est  inter uirtutes morales ⁊ intellectuales:  computaritamen potest cum uirtutibus moralibus:  naz prudentia non est nisi in hominibus bonis:  sicut nec uirtutes morales:  praui enim homines 	de hmõi  potẽtiis:nãuirtutũ quaedam sunt intellectuales:  quaedãmotales:  quadã mediae inter intellectuales &  motales.Uictutes ĩtellectuales dicunt᷑ illae quae sunt in intellectu speculatiuo  cuĩusmõĩsunt  lciẽtiae speculatiuaeiut naturalis philosophia geometeia:  methaphisica & catera  ta'lia.Uirtutes uero simpliciter morales sũt illae q̃ sũt in appetitu siue appetitus ille sit sensi'tiuus :  siue intellectiuus: cuiusmõĩ autẽ sunt ĩustitia  temperantia:fortitudormãsuetudo.  & catera talia de quibꝰ sumꝰ singularĩter  tractaturi.Uirtutes autẽ media ĩter intellectuales & morales sunt uictut es existentes in in. tellectu practico  ut prudẽtia &  alia uirtutes  sibi  annexa.Prudentia autem ẜm cõmenta torem super libris ethicorom media est  ĩter uirtutes morales & intellectuales :  cõputaritamẽ potest  cum uirtutibus moralibus :  nã prudentia nõ est nisi in honoribus bonis:  sicot nec uirtutes morales: prauĩ.n.homines & 	et qͦmodo in incllcum  et appetitu existumt.  Distinguendum enim gͦ de uirtutibus  et de hius poͫ. Nanuirtutum  quedam sunt intellectumales quedam morales quedam medie inter intllcunales  et morales uirtutes intellectumales dunr illeque sunt in intllcum specłatiuo.  cuius modisc̃ie sunt speclatiue  ut nͣlem ph̾ia. geo. metͥ. metha etceteratalia.  uirtutes uo simpͥ morales sunt ille que sunt in appetitu. sun appetitus ile sit sensiters sum intellectiuus.cuimoin a sunt sticia tem panͣ. fortitudo.mansuetudo acetam talia  de quibus sumussinglr̃ tͣctaturi. uirtutes a medie inter in allcunales etmorales sunt uirtutes exnontesᷤ in mallcum pͣctico  ut pͥdentia talie uirtutes sͥ aunexe pͣdeucia as ẜ commentatorem super lib etb.  media enim inter uirtutes moraleset intllcunales computari tum potest cum uirtutibus moralibus.  Nam prudentia non mem  nisi hominibus bouis sic̾ nec uirtutes morales. pͣui .n. homiues 	et hiis potenciis Namuirtutum qued sunt intellectuales qued morales  et queder medie inter morales  et intellectuales. Intellectuales dicuntur ille que sunt in intellectu speculatiuo cinusmodi sunt  sciue speculatiue  ut na-turalis phina arismetica geometria  et talia uir tutes uero simp liiter morales sunt ille que sunt in appetitu  siue appetitus ille fit sensitimis siue intellectiuus Cimismodi iustida temperantia fortitudo mansuetudo  et cettera taliade quibus sumus singulariter trattaturi.  Uirtutes uero medie inter intellectuales et morales sunt uirtutes exi-stentes in intellectu practicout prudentia  et alie uirtutes  sibi amnex e Prudencia emm ss conmentatorem superlibrum ethitorum est media  inter uirtu-tes morales  et intellettuales  tamen potest comparari  cum uirtutibus moralibus Nam prudencia  non dnest  nisi homibus boms sicut nec uirtutesmora les sdram enimi honnens 	et de huius  potencus.Nam uirtutum quedam sunt intllectuales.  quedam  mo̾ales.quedam medie intllectuales  et morales. uirtutesᷤintllectuales diꝯtur ille que sunt in intlłu specłatiuo.cuius sciue sunt specłatiue.  ut naturalem phocia.geometͥͥa.methͣ. etcetera talia. untutes uero sunpͣ morales sunt ille que sunt in appetitu.  siun appetit᷒ ille sit sensitium siue intłlectium cium ant sunt iustina. teperantia. fortitudo. mansuetudo.  et c̃ talia der qbus sumussingliter tͣctaturi. uirtutes a medie inter intllectuales  et morales sunt uirtutes existentes in intlłupͣtico.  ut prudencia  et alie uirtutes s̾ anexe.  prudencia autem s comentatorem sr̾ libꝰ ethoc media enim inter u̾ tutes morales  et intllectuales.  computas tnon potest cum u̾tutibus moralibus. Naz prudentia non in est ner hominibus boins.  sicut nec uirtutes morales. p̃ui e̾ hominies 
et si possunt esse scientes,  astuti, et versipelles; 	et si possent esse scientes hastuti  et unsipelles 	et sipossent esse scientes astuti cem scientes astuti i xsipelles etuersi pelles. 	et si possunt esse scienres astuti ⁊ uersipelles. 	si pñt esse sciẽtes astuti & uersipelles. 	et si possent esse scientes. hastuti  et u̾si pelles prudentes 	et si possit ee scientes astuti  et uersipelles prudentestamen 	et si possent ce scientes hastuti etu̾sipelles. 
prudentes tamen esse non possunt, 	pru:dentes tamen esse non 	prudentes tnon  esse non possunt 	prudentes tamen esse non possinit 	Prudentes tamen esse non possant 	tum esse non possunt 	esse non possunt 	prudentes tnon esse non 
ut suo loco patebit. 	possunt.ut loco suo patebit. 	ut suo locopatebit. 	ut suo los copatebit. 	ut suo loco patebit. 	ut suo loco patebit. 	ut suo loco patebit. 	p̾sunt.ut suo loco patebit. 
Inde est ergo quod dicitur 6 Ethic’  quod impossibile est prudentem esse non existentem bonum.  Dimissis ergo virtutibus huiusmodi intellectualibus, 	Inde estergo qd dicitur.uiͦ. ethicorumquem in possibile enim prudenter bonum Omissis igituruirtutibus intllectualibus. 	Inde enim gͦ quem d̃r .ui. echoc.  quem inpol ͤ est prudentem esse non entem dem bonum ¶ Dimissis gni  mnͣ-tutibus intellectualibus 	Inde est ergo quod dicitut .ui. ethi⁊corum ꝙ impossibile est prudentem esse non erñrem bonũ. ¶ Dimissis ergo uirtutibꝰ buiusmodi initellectualibus: 	Inde est ergo quod dicitur.℥.ethi'corum ꝙ impossibile est prudentemesse nõ exñtem  bonũ.¶Dimissis ergo uirtutibus huiusmõi intellectua 	Inde engᷤ quem dicitur .uiͦ.  ethoc.quem imperp ᷝ ͤ enim pͥdentem esse non enten bonum U¶ Omissis gni uirtutibus intellectumalibi 	Inde est ergo  quem dicitur sexto ethiz  quem impossibile est prudentem  non entem homuin¶ Dimisfis igitur uirtutes intellectuales 	inder en gͦ quem dr̾.ui. ethoc.  quem impͥo. enim prudentem esse non entem bonum ¶Dimissis gͦ uirtutibus intllectualibus 
ut dimissis scientiis speculatiuis,  de prudentia,  et de virtutibus moralibus est tractandum. Suscepimus enim (ut pluries diximus)  praesens opus,  non ut sciamus,  sed ut boni fiamus:  quae bonitas,  sine prudentia et virtutibus moralibus,  nobis in esse non potest. Has autem virtutes,  in intellectu, et appetitu sic esse contingit. Dictum est enim,  virtutem esse aliquid  secundum rationem:  oportet ergo esse rationalem potentiam, in qua potest esse virtus.  Rationale autem duplex est secundum Philosophum,  per essentiam,  et per participationem.  Intellectus autem est rationalis per essentiam.  Appetitus vero per participationem.  Nam appetitus licet non sit ipse intellectus,  vel ipsa ratio essentialiter,  dicitur tamen participare rationem,  quia est aptus natus rationi obedire. Potentiae autem naturales, et sensus,  nec sunt rationales per essentiam, 	et dimissis scienciis speculatiuis.  de prudencia  et uurtutibus moralibunem tractandum Incepimus enin  ut pł̾ies diximus presens opus non ut sciamus.  set  ut bonisiamus que bonitas sine prudentia  et iurtutibus moralibus nb̃ in esse non poteret has autem uirtutes  imtlłt:tu appetitu.  Sic esse contingit.  Uictum enim enin uirtutem esse aliquid scd̃m ronnem. opportet ergo esse racionalem potenciam in qua ponitin ce  untus.racionale autere duplx enim scd̃mphoc̃m. per essenciam  et partitipationem Intllectus autem enim ronnalis pereentiam. Appetitus uero per  participacione.Nam appetitus licet non sit ille intllectus uel ipsa racio essentialiter/  diciter  tamen participare ronnon  quia enaptus natus ronni obedire. Potencie autem naturales sensus.  nec sunt ronuales per eenciam 	et dimissis sciis specłatiuis de pͤdencia  et deuirtutibus moralibus em tͣctandum Suscepimus nut płies diximus p̃sens opos  ut non sciamus s  ut boni fiamus que bointas sine prudencia  et uirtutibus moralibus nob̃ inesse non potest has autem uirtutesinintellectu et appetitu sic esse contingit dcm enim .n.  uirtutem essea ͥd ẜin  rationem  o gͦ esse ronnalenpoͣm  in qua ponitur esse uirtus.ronnale autem duplex enim scd̃mphoc̃m pereenͣciam  et per participationem intllectus autem enim ronalis per essenciam appetitus ueroper participationem.  Nam appetitus licet non sit ipse intlłetus uelipsa ratio eenͣliter dr tnon participare ratione quare enim aptus nantus roniobedire. po ͤ autem nec ales 	ut dimissis scientiis speculatiuis:  de prudentia: ⁊ de yirtutibus. moralibus est tractandum. Suscepimus enimut pluries dicimus presens opus non ut sciamus  sed ut boni fiamus:  que bonitas sine prudentia ⁊ yirtutibus moralibus nobis inesse ñꝑotest ¶  Has auteni uirtutes in inrellectu ⁊appetitu sic esse coutingit dictum est enim uit tutem esse aliquid scd̃m rationem:  oportet et-go esse rationalem potentiam  in qua potest eẽuirtus.  Rationale autem duplex est sed̾m philosophum  per essentiam ⁊ per participationez Intellectus aurem est rationalis per essentiaz Appetitus uero per participationem:  nam apperitus  licet non sit ipse intellectus uel ĩpsa ratio essentialiter. dicitur  tamen participare  rastionem:quia est aptus natus rationi obedire. Porentie autem naturales ⁊ sensus:  nec sunttationales pen essentiam 	libus:ut dimissis sentẽtiis speculatiuis:  de prudẽtia &  de uirtutibꝰ moralibus est tractandum. Suscepimus.n.  ut pluries diximus praesens opus nõ  ut  scia'mus:sed ut bonĩ fiãus  qua bonĩtas sine prudẽtia & uirtutibꝰ moralibꝰ nobis ĩnesse nõ potest.  ¶ Has autẽ uirtutes in intellectu & appetitu sic esse contingit.Dictum est.n.uirtutem esse aliquid em  rationem:oportet ergo esse rõnalem potentiam  in qua potestesse uirtus. Rõnale autẽ duplex est secundũphilosophum per eẽntiã & per participationẽ. Intellectus autẽ est rõnalis ꝑer eẽntiar.  Appetitus uero per  participatiõem:nam appetitus licet nõ sit ĩpse intellectus uel ipsa tatio eẽntialiter. dicitur tamen participare rationẽ:  quia est aptus natus rationi obedire. Potẽtia autem naturales &  sensuo:nec sunt tõnales per essentiam 	et diumissis scus specłatiuis.  de prudentia  et de uͥtutibus moralibus esse tͣctander. Suscepimodon ut płies diximus opos  ut non sciamus.  niut boni fiamus.  que bouitas sum pͥdenͣ etuntutibi moralibus  nob̾  inesse  non potest has autemuirtutes inintellectu et appetitu sic esse ꝯtmngit. dcm̃ enim .n.  uirtutem esse ad ẜ ronem. or gniesse rationalem poͣm in qͣ pouit esse uirtus. Ronale as dupłt enim ẜ phocm. per essentiam et per participationem.  Intellectus a est rationalem per essentiam.  appetitus uo per participationem.  Nam appetitus lici non sit ipse intellectus  uel ipsa ratio essenͣlr̃. diciturtum participare ratione quare enim aptus natus rationi obe et dire. po ͤ autem nͣles  et sensus nec sunt rationales pereemur quare non ipsa ratio sunt nec ratione participant 	et saienciis speculatiuis  De prudencia  et de uirtutibus inoralibus est trattandum Suscepmius enm  ut pluries diximus presens opus non ut sciamus szut boinfiamus que honitas sineprudentia  et sine uirtutibz moralibus nobis Iuesse non potest.  has autem uirtates intellectu  et appetitu sicesse contingit dictum est enm uirtutem esse aliquid̃ sgz ronnenoportet ergo ronnalem potenciam in qua pomitur esse uirtus.  Lacionale autem dupplex est ss phm̃ per essentiam  et per participationem Intellectus auten ronnal est per essentiam Ꝙz appetitucz est ronnalis per participationem Nam apetitus  licet non sit intellectus siue ipam ratio essencialit dicitur tnon participare ronnem  quare est aytusznatus racioni obedire.  Idotentie autem nales  et sensus  nec sintt ronnales per essetiam 	et dimissis scienciis specłatins.  der prudentia  etder uirtutibus moralibus en tͣctander. Suscepimus eͥ ut płies dixi᷒ pnons op᷒  ut non sciamur. s ut boni fiamus. que bointas  sine prudentia etuntutibus moralibus nob in esse non  pot̃.has autem uirtutes in intlłu  et appetitu esse ꝯt̃igit.denm enim eͥ uirtutem esse aͥd s roem. gͦ esse poͣ  rationalez.inque ponitur esse uirtur.  rationale a der enim ẜm phocm per essentian  et per participationem.  intellectus ant enim rationalem per essenciam. appetiter non per participationem.  Nam appetiter licet non sit ipse intellectus  uel ipsa ron eencialiter. dicitur tnon participare ratione quare enim appetitus nat᷒ rationi obedire. potencie autem nanles  et sensus  non sunt naturales per enenam. 
quia non sunt ipsa ratio:  nec ratione participant, 	quia non ipsa ratio sunt nec ronne participant. 	et sensus fi st̃ ronnales per eenonciam quare non ipsa ratio st̃ nec rone participant 	quia nõ sunt ipsa ratio:  nec ratione participant 	quia non sunt ipla ratiornec ratiõe participãt: 	quare per se et ẜ 	quare non sunt ipam racio nec ronnem participant quare per se nec ssz 	quare non iparon sunt.  nec ratione participant. 
quia per se,  et secundum quod huiusmodi non obediunt rationi. Igitur in sensibus,  et in potentiis naturalibus 	quia per se scderm  quem hius non obediunt rationi igitur in potencus  et in sensibus naturalibus. 	quare per se et scd̃ quem huius non obediunt ronni. Igitur insensibus  et inpotenciis nalibus 	quia per se ⁊ scd̾mquod huiusmodi non obediunt rationi. Igitin sensibus ⁊ in potentiis natura libus 	quia per se & secũdũ  quod hmõi non obediunt rationĩ.Igitin sensibus & in potentiis naturalibus ut su'pra dicebat᷑ non habent esse 	quem hius.  non obediunt rationi igit in sensibi et in po ᷤ nͣlibus 	quem himusmoin  non obediunt rationem Igitur in sensibz  et in potenciis naturalibus 	quare parse et ẜ quem huius non obediunt rationi Igͣ insensibus  et in potencus 
(ut supra dicebatur)  non habent esse virtutes, 	ut supra dicebatur.  non hocnt esseuirtutes. 	ut supͣ dicebatur non habent ene uirtutes s solum esse habent in intellectu etappetitu. 	ut fupra dicebatur  non habent esse uirtuites: 	uirtutes:sed solum esse habent 	ut supͣ dicebatur  non habent esse uirtutes 	ut supra dictum est non habent esseuirtutes sz solum habent esse in appetitu et intellectu. In 	naturalibus.ut supradicebatur non habent esse uirtutes. 
sed solum esse habent in intellectu, et appetitu. In nobis autem duplex est appetitus,  intellectiuus, 	set solum esse h̾nt in miłsctu.  In nobis autem duphocx enim appetitus naturalis 	In nonb autem duplex est appetitus intellectiuus 	sed solum esse habent in intellectu ⁊ appetiris ue In nobis autem duplex est appetitus. intellectiuus ⁊ 	in intellectu & appetitu. 	si solum essehunt inmallcum tappetitu. 	no-bis autem dupplex est appetitus scilicet intellectinus 	s solum esse habent in intlłuet appetitu.  In noƀ autem dup̽ en appetitur intllectiu᷒ 
et sensitiuus.  Nam sicut appetitus naturalis sequitur formam naturaliter adeptam,  sic appetitus cognitiuus sequitur formam per cognitionem apprehensam.  Sicut enim grauia,  ex eo quod habent formam grauis,  sequitur ea quaedam naturalis inclinatio,  et quidam appetitus naturalis, 	et cognituus.  Naturalis  ant sequitur formam  naturaliter.adeptam  sicut appetitus sensituius cognitius sequitur formam apprehensam Sicut enim grauia ex eo quem hoc̾nt formam grauis. Sequitur eaque dam natinalis indinacio  et quida appetitus naturalem 	et sensitiuus.  Nam sicut appetitus n᷑alem sequitur formnͣliter adeptam  sic appetitus cognitiuus seqͦ forͣm.  per cognitionen apphensam. sicunt .ni. grauiaex  eo quem habent forͣm grauis seqͣea quedam nalis inclinatio  et quidam appetitus nalis 	sensifiuns. Hamn sieur appetitus nacuralls sequitur formam naturaliter adeptam:  sie apperitus cognitiuus sequitur foraz  pẽt cognitionem apprehensam. Sicur eniz grauia ex eo.  ꝙ habent formam grauis:  fequitur ea qͣdam naturalĩs inclinatio ⁊ quidam appetitus naturalis 	In nobis autẽ duplex est appetitus. intele'ctiuus & sensitiuus.  Nã sicut appetĩtus natu'ralis sequitur formam naturalitet adeptam:  sic appetitus cognitiuus sequitur formã per cognitionẽ apprahensam. Sicut.n. grauia ex eo ꝙ hñt formam grauis:sequif ea quadam natoralis inclinatio &  quidã appetitus naturalis 	In uobis autem dupłt enim appetitus intellectuuꝰ  et sensitiuuᷤNam sic̾ appetitus uͣlis sequit form nͣ liter adeptam  sic appetitus cognituius seqr form per cognitionem app̃hensam Sicut .i. grauia ex eo quemhunt forͣm guis sequetur ea quedam nͣlem inclinatio  et quidam appetitus nͣlem 	et sensituius.  nam sicut appetitus naturalis sequitur formam appre,hensam per cognicionem  sicut em̃ grama ex eo quem habent formam grauem seguitur ea qued̃ naturalis inclinacio  et quid appe-titus natitralis 	et sensitiuus.  Nam si c̃ appetit᷒ naturalem seqtur formam naͣliter adeptam sic appetitus cognitium seqtur formam per cognitionez app̾hensam. Sic enim grauia ex eo quem habent formam grauis seqtur  ⟦ca⟧  quedam naturalem inclinatio.  et quemdan appetitus naturalem 
ut naturaliter desiderent esse deorsum:  sic habentia cognitionem prout habent in seipsis formam apprehensam,  sequitur quaedam inclinatio,  et quidam appetitus  secundum formam illam.  Propter quod sicut in nobis duplex est cognitio, sensitiua, et intellectiua:  sic etiam est in nobis duplex appetitus,  videlicet,  sensitiuus,  qui sequitur formam apprehensam per sensum:  et intellectiuus, 	utuaturaliter desiterant esse dorsum.  Sic hncia cognicioin  prout hocnt in se ip̃is formam app̾hensam.  sequitin quedam indinacio.  et quidam appetitus.scom formam illan propter quem sicut enui nb̃ dupłx cognicio sensitiua  et intsctiua sicut enim in nob̃.dupłx appetitus. indelicet sensitiuus  qui sequitur formam apprehensam per sensum intellectinis  qui sequiter formam apprehensam per 	ut naliter desiderant esse deorsum sichhnoncia cognitione  prout habent iner se ip̃is form app̃hensam seqͦ que dam indin atio  et quidam appetitus ẜm forͣm illam pp̃ qder sic enim in nobis duplex cognitio sensitina  et intllectiua sic enim in nob̃  dup᷑ appetitus uidelz  sensitiuus  qui seqͣ forͣm apphensam parsensunet intllectiuus 	ut naturaliper desiderẽt esse deorsuz  sic babentia cognitionem piout habent ln selpsis formam appiehensam sequitur quedammelinatio ⁊ quidam appetitus scd̾m formamillam:  propter quod sicur in nobis duplex estcoguitio sensitiia ⁊  intellectiua:sie  etiam est ĩnobis duplex appetitus yidelicet sensitiuus qsequitur formam  apprehensam per sensum:  ⁊ ĩtellectiuus 	ut naturaliter desiderẽt eẽ deorsũsic habentia  cognitionem  prout habent ĩ  seipsis formam apprahẽsam sequitur quaedãinclinatio &  quidã appetitus ẜm formam illamipropter  quod sicut in nobis duplex est cognitio lensitiua &  intellectiua:sicut ẽt estin nobis duplex appetitꝰ uidelicet sensitiuꝰ  qui sequit formã apprahẽsara pec sensum &  intellectus 	ut nͣ liter desiderent esse deorsum sic habentia cognitionem  prout habent inse ip̃is forͣm appbensam se quedam inclinatiotq̾dam appetitus ẜ forͣm illam pp̃ quem sic̾ est in nob̾ dupłx  cognitio sensitina et intellectia.  sic enim in nob̾ dͭ appetitus uidelicet  sensituius  quisequit form app̃hensam per sensum  et intellectiuus 	ut naturaliter desiderent esse deorsum sic humana cognostentia pro ut habent  in se ip̃is formain apprehensam sequitur qued niclinacio quid appetitus ss formam illam pp̃  quod sicut est in nobicz dupplex cognnicio sensitiua  et intellettiua Sic est in nobis dumplex appetitus sensituu  et intellectutus Sensitums  qui sequitur formam apprehensam per sensum  et intellectiuus 	ut naturaliter desiderent esse deorsum  sic ihabentia cognitionem.  prout habent in se ip̃is formam app̃hensam seqr᷑ quedam inclinatio  et ꝗdam appetitus s formam illam.  perper  quem sicut enim in noƀ dup̽ cognitio. sensitina et intllectiua.  sic enim in noƀ der 
qui sequitur formam apprehensam per intellectum. Appetitus autem sensitiuus duplex est.  Nam cum animalia sint supra inanimata,  si natura elementis  et rebus inanimatis dedit duplicem potentiam,  unam per quam tendunt in propriam quietem,  et aliam per quam resistunt, 	indsctum.Appetitus autere sensitis dupłx enim Nam cum animalias sint supra in  animata.Si natura elementis  et rebus in ammatis dedit potenciam unam per quam tendunt in propriam quictem.  et aliam per quam resistunt 	qui seq forͣm app̃hensam per intllectum.  appetitur autem sensitimis duplex enim Nancum ałia sint supͣ in ainatam sinatura elis  et rebus in ainatis dedit duplicem potentiam Unam per quam tendum in propͥam quietem  et aliam per quam resistunt 	qui sequitur formami apprehensaz per intellectum: Alppetitus autem sensitiuus duplex est.  Nam cum anualia sint supra manimata si notura elementis ⁊ rebus  inanima.tis dedit duplicem potentiam unam per quãtendunt  in propriam quietem ⁊  aliam  per quã resistunt ⁊ 	qui sequit᷑ formã apprahẽsaz per intellectum. Appetitus autem sensitiuus duplex est.  Nam cum anĩmalia sint supra inanimata  si natura elemẽtis & rebꝰ inanimatis dedit duplicem potẽtiam unam per quãtẽdũt in proptiam quietem & 	qui sequit form app̃hensam per intllcm̃.  appetit aͥ sensituel dupł enim sam  cum alia suit supͣ inainata.  si nͣ ełis trebus mainatis dedit duplicem pom. unam per quemͣ tendunt in propͥanquietem  et aliam perquemͣ resistumt ragunt in probibentia 	qui sequitur formam apprehensam per intellectum ¶ Appetitus autem sensituius dupplex est.  nam  cum ainalia sint supra aianta sic natura calidis  et rebus inaiantis dedit duplicem potenciam unam per quam tendinit  in propriam  qui etem et aliam per quam resistunt 	appetitus.uidelz sensitium ꝗ seqtur formam app̾hensam per ssͫet intllectiuus ꝗ seqr᷑ formam app̾hensam per incłłm.appetitur a sensitium dup̽ enim Nam cum ałla sint suprainainata.  si nam ełis  et rebus inainatis dedit duplicem potenciam. unam per quemͣ tendunt in propiam ꝗetem  et alian per quemͣ resistumt 
et agunt in prohibentia, et in contraria:  multo magis hanc duplicem potentiam natura dedit ipsis animalibus,  quae sunt perfectiora illis. Videmus enim quod ignis naturaliter est calidus,  et leuis per leuitatem autem tendit in locum proprium,  et in quietem sibi conuenientem:  per caliditatem vero agit in contraria:  ne ergo ignis per quaecunque contraria agentia impediretur,  ne per leuitatem in proprio loco quiesceret,  dedit ei natura potentiam calefactiuam,  ut per eam resisteret, et ageret in contraria corruptiua. 	et agunt in prohibencia  et contraria multo magis h̾eat dupplicem potenciam.  et dedit ip̃iainalibus que sunt perfecciora illis.  Uidemus enon  quem ignis enim naturaliter calidus et leuis. per leuitatem autem tendit in locum proprium  et in quietem. igitu conuementem percaliditatem uero agit in contranasic eigo ignis per queciq contrana agentia inipediretur  ne per leuitatem in perprio lo:  co quiescere dedit ei natura potentiam calefactiuamait peream resisteret  et ageret icontraria corruptura. 	et agunt in prohibencia  et in contraria multomag̃ hanc duplicem potentianna dedit ip̃is ałibus  que sunt perfc̃ora illem uideꝰ .ni.  quem ignis ennaturaliter calidꝰ  et leuis per le uitatem autem tendit in locum apͥum  et inquietem sͥ ꝯuenientenpercaliditatem uero agit inqͣriane gͦ ignis per quecunq contraria agencia inpediretur  ne per leuitature in propͥo loco quiesc̾e poss dedit einata pom calestuiam  ut peream resistere̾t  etaget in qͣria corruptiua. 	agunt in prohibentia ⁊ incontraria multo magis hane duplicem potentiam  natu-ta dedit ipsis animalibus que sunt perfectio.  ra illis.  Cidemus enim ꝙ  ignis naturalirer ẽcalidus  et leuis per leuitatem aurem tendit ĩlocum proprium ⁊ in quietem sibi conuenientem:  per caliditatem uero agit in contratia: neergo iͥgnis per quecunq contraria agentia impediretur  ne per leuitatem in proprio loco quiesceret dedit ei natura potentiam calefactiuazut per eam resisteret ⁊  ageret in contraria cor-ruptiua. 	aliã per quãresistũt & agũt in prohibentia & incõtraria multomagis hanc duplicẽ potentiam natu'ra dedit ip̃is animalibus quae sunt perfectio ra illis. Uidemus.n.ꝙ  ignis naturaliter est calidus &  leuis:per leuitatem autẽ tendit in Iocum proprium & in quietẽ sibi conueniẽtem:  per caliditatẽ uero agit in contratia: neergo ĩgnis per quaecũq:  coniratia agẽtia impeditet᷑  ne per leuitatem in proprio loco qesceret dedĩt ei natura potentiam calefactiuãut per eam resisteret & ageret in cõtratia corruptiua. 	et in contraria.  młto mager henat duppoͣm nͣ dedit ip̃is ałibus que sunt perfconra illis. uidemus . n.  quem igers enim nonͣliter cilidꝰ et leuis.  per leuitatem a tendit in locun propͥum et in quietem s ꝯͥentem per caliditatem uero agit in qͣria.  Negͦ ignis per queo aqͣria agnontia inpediretur  ne per per leuitatem in propͥo loco  qui esce̾t dedit ei nͣ pom calefactiuam  ut per ean resistere̾t tagent in contrana corruptiua. 	et agunt inprohibencia  et in contraria.  multo magis hanc dupplitem potenciam natura dedit iparsis aianlibz  que sunt perfectiora illis.  Uidemus emin quem ignis qm est naturaliter calidus  et leuis per leiitatem emin tendit in locum propum et in quietem sibi conueinentem per caliditatem uero agit in contraria.  Ne ergo ignis per quecumqz agencia contraria impediatur qum perleuitatem  in proprio loco quiescere posset dedit ei natura potenciam calefactiuamut  per eam resisteret  et ageret in contraria coreupartiuia. 	et agunt in prohibentia et in ꝯiͣa.  młtomag̃ duplicen potenciam nam dedit ipins  ainalibus.que sunt perfectora aluis.  uidemus eͥ quem ignis enim nͣliter calidus et leuis. per leuitatem ant tendit in locunpropͥuz  et inꝗetem s̾ ꝯuciuentem per casitatem autemag in esseia.  ne gͦ ignis per quecunq ꝯina agentia inpediretur ne per leuitatem in propͥo loco qescem deditei  nam potentiam calefact̃iam.  ut per can resistent.  etagent in esseia coruptina. 
Si ergo igni,  et rebus inanimatis natura dedit duplicem potentiam,  unam per quam adipiscuntur propriam quietem,  et aliam per quam agunt in prohibentia et contraria:  multo magis hoc dedit animalibus. Tribuit ergo eis duplicem appetitum sensitiuum,  unum per quem prosequuntur propriam quietem, 	Si igitur igni et rebus in animatiᷤᷤnatura dedit duplicem potenclam.  Unam per quam adipiscuntur propriam  quietem.et aliam per quam agunt in prohibencia  et contraria  o.multo magis hoc dedit ainalibus tribuit ergo eis triplicem appetitum sensitiuum unun perquam prosequatur propriam quietem. et propriam delectaconnem. 	si gni igni  et rebus in ainatis nata dedit duplicem pomunam per quam adipiscuntur proprianquietem  et aliam per quam agunt in prohibencia  et ꝯtraria młto  mag̃ hoc dedit ałibus. tͥbuit gͦ eis duplicem appetitum sensitiuum  unum perquem prosequntur propͥam quietem 	Si ergo igni ⁊ rebus inanimaris nã-tura dedit dupłicem potentlam ynam ꝑ quaz adipiscuntur propriam quietem ⁊ aliam ꝑ quãagunt in prohibentia ⁊ cõtraria:  multomagisboc dedit auimalibus:  tribuit ergo eis duplirem appeticum sensit̾inum ynum per quẽ cosi sequitur propriam quietem ⁊ 	Si ergo igni & rebus inanimatis natatadedit tura dedit duplicem pocentiam unam perquam adipiscũtur propriam quietem :& aliam per quam agunt in prohibentia & con'tratia:  multomagis hoc dedit  animalibus:trĩbuit ergo eis duplicem appetitum sensitiuũunum  per quem cõsequitur propriam quietem &  propriam 	Si gni igni et rebus mainatis nͣ dedit duplicem poͣm. unam per quemͣ adipiscunt prop̾am quietem. etaliam  per quemͣ agunt in probibentia et contraria. młto mager hoc dedit ałibi. tͥbuit gͦ cis terͥplicem appetitum sensitium unum perquem̃ ꝯsequnt prop̾am quietem i propͥam 	Si igitur natura dedit igniet rebus Inaiatis  dupplicem potentia unaper quam adipiscuntur propriam quietem et aliam per quam aqunt in prohibencia  et contraria multo magis hoc dedit ainalibus Tribint ergo eis dupplicem appetitum sensituium unum per quem prosequuntur propriam quietem 	Si gni igni  et rebus in ainatis naͣ dedit duplicem potenciam. unam per quemͣ adipis ꝯtur prop̾am ꝗecem.  et aliam per quemͣ agunt in prohibenciaccina. meto magis hoc dedit ainalibus. tͥburt gni eistͣplicem appetitum sensitiuum  unum  per quem̃ proseqntur propͥim qetem 
et propriam delectationem,  ut concupiscibilem:  et alium per quem resistunt,  et aggrediuntur prohibitiua,  ut contraria,  ut irascibilem.  Ita quod concupiscibilis se habet sicut leuitas,  vel grauitas,  in leuibus,  et grauibus. Irascibilis vero se habet quasi caliditas,  vel frigiditas in eis.  Nam sicut grauia per grauitatem recedunt a loco sursum tanquam a non conueniente,  et tendunt in locum deorsum tanquam ad locum conuenientem, 	ut concupiscibile.  et alium per quam resistunt  et aggreduuntur prohibitiua  et contraria  ut irascibilem  ita quem concupiscibilis se hent.  Sicut leuitas uel grauitas in leubꝰet grauibus. Irascibilis uero:  se het  quasi caliditas et frigi ditas in cis.  Nam sic grauia per grauitatem recedunt a loco. Sursum tanquemͣ autem conueniente cedunt  in locum deorsuntanquam  ad locum contraentenet conformem per 	et propiam delctationem  ut concupiscibilem etalium per que resistumt  et aggrediuntur prohibitina  et contraria  ut irascibłem  ita quem contupisci ᷝ.  se hoc̃t sicutleuitas uel grauitas in leuibus et grauibus. irascibłis uerose habent qͣcaliditas  et frigiditas ineis. Nansicut grauia per grauitatem recedunt aloco sursum  tanquam a non ꝯueniente  et tendunt inlocum deorsuntanquam  ad locum ꝯuenientem 	propriam  delectationem:ut concupiscibilem ⁊ aliumn per quẽresistant ⁊ aggrediuntur prohibiriua ux con-traria  ut irascibilem.  Ita ꝙ concuplscibilis se habet sicur leuitas uel grauicas in leuibus et grauibus.  Irascibilis uero se habet  quasi caliaitas uel frigiditas in  eis:nam sicur grauia ꝑgrauitatem  recedunt  a loco sursum tanquama non conueniente:  ⁊  tendunt in locum deor sum tanquam ad locum conuenientem ⁊ 	delectationem:ut concupiscibilem &  alium per quem resistant & ag'grediuntur prohibitiua & contraria  ut  irascihilem.Ita ꝙ  concupiscibilis se habet sicut le:  uĩtas uel grauitas in leuibus & grauibus.Ira'scibilis uero se habet quasi caliditas uel frigiditas in  eis:nam sicut grauia per grauitatem recedunt  a loco sursum tanquam a non  conueniente:&  tendunt in locum deorsum tanquam ad locum conuenientem &	delectationem.ut concupisciłem  et alium perquem̃ resistumtetaggerdiunt perbitiua  et contrarina  ut uasci ᷝ  ͤita quem concupisci lem se ht sic̾ leuitas łgniuitaᷤ. in leuibus et grauibus.  Irasci uo se habent.quem. caliditas et frigiditas lei. slam sicut grauia psgrauitatem recedunt aloco sursum tanquemͣ a non ꝯ̾ente  et tendunt in locum de orsum tanquemͣ ad locum ꝯͥ eutem et ꝯfor̃em. per frigiditatem uoresistumt contrariis ne coriunpant a propia nͣ et deẜant propia loca 	et propriam delectationem  ut concupiscencionalem  Et alium per quem resistunt  et aggreduuntur prohibentia con-traria  ut irascibilem  Ita quem concupiscibłisse habent sicut grauitas  et leuitas in grauibz  et lembus.  Trascibilis se habent  sicut caliditas et frigiditas in eis.  Nam sicut grama per graintatem desi recedunt aloco sursum tumquemͣ a non conueniente  et tendunt in locundeorsum tamquemͣ in locum sibi conuemientem 	et propiam delecrationem  ut xupiscibilenet  alium perque resistumt  et aggerdiuntur prohintum  concontraria.ut irascibilem ita quem ocupiscibilem se habent sicutleuitas.  uel grauitas in leuibs et grauibus. irascibit noͣ se hoct  quemi casitas  et frintas in eis. Nansicut grauia per grauitatem reced̃t aloco fursum t̃ qͣa non gniente.  et tendunt in locum deorsuz. tamquemͣ ad locum cͥenter 
et conformem:  per frigiditatem vero resistunt contrariis, 	frigtoitatez.uo restituunt contrariis 	et conformem per frigiditatem uero resistumt contrariis 	conformem:per frigiditatem uero resistunt con-trarnsne corrumpantur a propria natura 	confor'mem:per frigiditatem uero resistunt contrariis 		et conformem per frigiditatem uero re- sistunt contrariis 	et ꝯformem perfr̃itatem noͣ resistumt ꝯusne corunpantur 
ne corrumpantur a propria natura,  et deserant propria loca, 	ne corrumpantu apropria natina  et deserant ppria loca 	ne corrunpantur a propianͣ  et deserant propia loca 	et deseruit propria loca ⁊ propriam quierem. Sic atimalis per concupsscibilem fuguunt mala tristia 	ne corrumpantur a proprĩa natura & de seruĩt proprĩa loca & propriam quietẽ. 		ne corrumpantur a propria natura  et deserant propria loca 	et propia nam et deẜant propia loca. 
et propriam quietem.  Sic animalia per concupiscibilem fugiunt mala tristia, 	et propriam quietem.  Sic et aminalia per concupiscibilem fugiunt mala tristia. 	et proprianquietem sic alia per concupisci ͤ fugiunt mala tͥsticia et parsequenontur 	⁊prosequumtur bona delectabilia. 	Sic animalia per concupiscibilem fugiunt 	et propiam quietem sic alia per concupisci ͥ ͤ fugiunt mala terstia et prosequnt hona delcanbłia. 	et propriam q inetem dic ainalia per concupi-scibilem fugunt  mala tristia 	etppanqetem.  sic ualia per ocupiscibilem fugiunt malaterstia. 
et prosequuntur bona delectabilia. Per irascibilem vero aggrediuntur contraria,  quae possent ea ab huiusmodi delectationibus prohibere.  Ut Leo per concupiscibilem pergit, 	et prosequntur bona delectabilia.  per irascibilem ue maggrediuntur coutraria que possent ea ab hius delctacioens prohibere. ut leo per concupiscibilem pergit 	bona delectabłia  per irascibilemuero agrediuntur contraria que possentea abhius delectatioibus prohib̾eut leo per concupistibłem 	Per ĩrascibilem pero aggrediuntur contraria que possent ea ab huiusmodi delecrationibus  prohibere:ut leo per concupiscibilez 	ma'la tristitia & prosequuntur bona delectabi'lia.  Per irascibilẽ uero agrediũt᷑ cõtraria quapossent ea ab eiusmõ delectationibus  prohibere:ut leo per concupiscibilem pergit 	per irasci ᷝ ͤ uero aggerdiuntur qͣtia que possent enam ab hius delcantionibus probibere.  ut leo perconcupisci ͤͬ pergit 	et prosequuntur bona delectabilia.  per irascibilem uero aggredumtur contraria que possent ab  hinius.de lectabilibz prohibere.  ut leo per concupi-scibilem pergit 	et prosequntur bona delectabilia. pirascibilenuon aggdiuntur ecͣia que possent ea ab bius delectatioibus prohibem ut leo perconcupiscibilem pergit 
ut prosequatur cibum  tanquam quid delectabile:  per irascibilem vero aggreditur animalia illa volentia ipsum prohibere in cibo adepto.  Propter quod bene dictum est,  quod concupiscibilis respicit bonum,  et malum  secundum se:  irascibilis vero respicit bonum,  et malum inquantum habent rationem difficilis,  et ardui. Nam cum bonum  secundum se dicat prosequendum,  malum vero quid fugiendum:  concupiscibilis,  quae secundum se tendit in quietem  et in bona delectabilia, 	ut  prosequater.cibum tanquam aliquid delet tabile per irabilem uero aggreditur animalia uolencia ipsum prohibe acibo adepto:  propter qd̃ benedictum enim quem concipiscibilis respericit bonum etmalum scd̃m se. Irascioiliuero respicit bonun  et malran inquantum hocnt ronnem difficilis etardiu.  Nam cum bonum scdm sedicat  quid prose quendunmalum uero quid fugiendum concupiscipils ouider. Scd̃ruse tendit inquietem  et in bonon delectabilia. 	pergit  ut prosequatur cibum tanquam aliquid delectabłe per irascibłem uero aggreditur ałia uolencia ip̃m prohib̃e in cibo adepto pp̃ qd̃ bnon dictum est quem concupiscibłis respicit bonum  et malum. Sconm se irascibłis uero respicit bonun et malum In quam habent ronnem difficilem  et ardui.  Nam cum bonum scd̃m se dicatquem parsequendum malum uero  quem fugiendum concupisci ͭ.  que ẜm se tend in quietem  et inbonadelectabłia 	pergir ut prosequatur cibum tanquam  quid delectabileper irascibilem yero aggreditur  ammalia illa yolentia ĩpsum prohibere in cibo adepto propter  quod bene dictum est ꝙ concupiscibilis respicit bonum ⁊  malum sed̾i se:  Irascibilis  re-to respicit bonum ⁊  tualum  inquantum habẽtrationem difficilis ⁊ arduĩ:  nam eum bonumscdm se dicat prosequendum malum rero qđfugiendum. 	ut ꝓsequat᷑ cibũ  tanquam quid delectabile.Perĩrascibilem uero aggreditur anĩmalia illa uolentia ĩpsum prohibere in cibo adepto propter ꝙ  bene dictum est ꝙ concupiscibilis respicit bonum &  malum  secundum se.Irascĩbilis uero respicit bonum & malum inquantum habent rationem difficilis &  ardui:nazcum bonum  secundum se dicat  prosequen'dum:malum uero quid  fugiendum.Concupiscibilis  qua secundum se tendit in quietẽ & in bona delectabilia: 	ut proseqͣtur cibum tanquemodo ad delcanbłe. per irasciblemuero aggerditur ałla uolentia ip̃m prohibe in cibo adep̃to. pp̃quem bnon dm̃ enim quem concupis lem respericit bonum  et malum ẜ se. Irasci lem uo respic̾bonum  et malum in quam habent iem difficilem  etardui.  Nam cum bonum ẜ sedicat  quemͥ parseqnonder.malum uero quemͥ fugiendum concupi que ẜ se tendit in quietem  et in bona delcanbłia 	ut prosequatur cibum tanquem̃aliquid delectabile. per nrascibilem aggreditur ainalia uolencia ipsum prohibere acilr adepto  Et quem hec uirtus sit data ainmalibus signum potest  adduci  quem sensin se offert continue.  nam canes cum inueumt a limentum non cessant  donec posuerint Inocculto  et hoc facunt  ut elongentur ab ob-staculo. pp̃  quod bene dictum est  quem concupistibilis respicit bonum  et malum ssz  se dia- scibilis uero respicit bonum  et malum inquemͣtum habent ronnem difficilis  et ardui.  nam cunbonimi ssz  se dicat  quid prosequendum ma-lum uero  quid fugiendum,  concupisciblisss se tendit in quuietem  et in bona delecta-bilia 	ut prosenqͣtur cibumi tamq id delectabile.  per irascibilen uon agniditur u̾alia nolentia ip̃m prohibem incibo adepto.  perper q. bnon denm enim q xupiscibilem respic̃ bonum  et malunẜm se. Irascibilem uon respic̃ bonum  et malum in quemodo.habent roem difficilem  et ardui.  Nam cun bonum ẜm sedicat  qui proscquender.  malum uon qd fugiendum concupiscibit que ẜm  se tendit in qetem  et in bona delectabilia. 
et fugit mala tristia,  pro obiecto habet mala, 	et fugit mala tristia.  pro obiecto hocet bona 	et fugit mala tͥstia pro obiectohbona 	Concupiscibilis que scdm se ten-dit in quierem ⁊ in bona delectabilia : 	& fugit mala tristi'tia pro obiecto habet mala & bona sensibi'lia secundum se considerata.lrascibilis uero secundũ 	et fugit mala tͥstia proobo habent bona et mala sen sibłis ẜ seꝯnderata. Irascilem uo ẜ 	et fugit mala tristia.  pro obiectoemm hoct bona 	et fug mala tͥ̾stia.  pro obo bt̃ boam 
et bona sensibilia  secundum se considerata. Irascibilis vero,  secundum quam aggredimur, et resistimus prohibentibus,  et nociuis,  tendit in bona, et mala sensibilia,  non secundum se considerata,  sed ut habent rationem ardui, et difficilis:  nam arduitas,  et difficultas potissime sunt repugnantia,  et prohibentia,  ne possimus consequi bonum,  et vitare malum.  Imperfecto ergo egisset natura,  si dedisset animalibus concupiscibilem,  per quam vitarent mala,  et prosequerentur bona,  nisi dedisset eis irascibilem,  per quam aggrederentur impedientia delectationem illam: 	et mala sensibilia scdm sei considata. Irascibilis uerdscd̃m quam aggredimur.  et resistimus prohibentibus.  et nocuiis  et tenditu tona  et mala sensibilia.  non sconm seconsidata. Set ut hntranenardui et difficilis. Ram ex diutas  et difficultas potissime sunt repugnantia.  et prohibencia  ne possimus  conseq.bonum et uitare malum.  Imperfecte ergo regissed naturassidedisset animalibus concupiscipilem per quam uitarent mala  et pro seꝗrentur bona łnisi  dedisset eis irascibilem  per quam aggredm̃tur mmpediencia delectacionem illam Ut: 	et mala sensibłia scd̃ seconsiderata. Irascibłis suo scd quemͣaggredimur  et resistimus prohibentibus  et nociuis  et tendit in bona  et mala sensibłia non scd̃m se considerata s  ut habent rationem ardui  et difficilem  Nam arduitas  et diẜficiłitas potissime st̃ repungnancia  et prohibencia  ne possimus  conse-qui bonum  et uitare malsi.  Imperfcem gͦ regisset natura si dedissetałibus concupiscibłem  per quam uitarent mala  et parsequerentur bona nisi dedisset eis irascibilen perquam aggerdirentur inpediencia delectationem illam 	⁊ fugit mala tristia pro obiecto habet mala ⁊ bona se¬sibilia scd̾m se considerata. Irascibills rero se eundum  quam aggredumur ⁊ resistimus prohibentibus ⁊ nociuis:  tendit in bona ⁊  mala sensibilia  non scd̃in se considerata  sed ut habẽt rationem ardui ⁊ difficilis:  nam arduiras ⁊ difficulras potissime sunt repugnantia ⁊ prohibẽ. tia ne possimus consequi bonum ⁊ uitare ma.lum. Impersecte ergo egisser natura si dedis-ser animalibus concupiscibilem  per quam  ui-tarent mala ⁊ prosequerentur bona:  nisi dedis-set eis irascibilem per quam agrederentur impedientia delectationem illam: 	quã aggredimur & resistimus  ꝓhi'bẽtibus & nociuis :  tendit in bona & malasensibilia nõ em se  considerata:led ut habẽtrõnem arduĩ &  difficilis:nã arduitas &  difficultas potissime sunt repugnantia & ꝓhibẽtia  ne possimus consequi bonũ & uitare malum.  limperfecte ergo egisset natura li dedisset animalibus concupiscibilem  per quã uitaret mala & prosequerent᷑ bonai  nisi dedisset eis ĩrascibilẽ per quam aggrederentut impedientia delectationem 	quemͣ agger dimus et resistimus probibentibus  et uociuis tendit in bona et mala sensi ͥꝰ  non ẜ se ꝯuiderata  si ut bnont ronem ardui  et difficilem Nanarduitas  et difficłtas potissime sunt repugntia  et prohuntia ne possimus ꝯsequi bonum  et uitar̾e li malum imperfcem  gni egissi  nͣ si dedisset alibus concupisci ᷝ ͤͤ per quemͣ uitarent niala et prosequerent bona. 	et mala sy se considerata Irascibilis uero sens quem aggre dimur  et resistimr prohibentibz et nocuns tendit in bona  et in mala non ss se considerata sed ut habent ronnem ardin  et difficilis  nam arduitas  et difficultas potissime sunt repugnancia et prohibentia  ne possimet consequr bonim  et uitare nalum.  Imperfecte ergo fecisset natura  si dedisset ainalibz  concu-piscibilem per quam uitarent mala  et prosequerentur bona insi dedisset eis nrascibilenper quam aggrederentur impedientia delectacionem illam 	et mala sensibilia ẜm se ꝯsciderata. Irascibilem uon smn quemͣaggerdimur  et restimus prohibentibus  et nocuus cendit inbona  et mala sensibilia non ẜm se ꝯsciderrata. s  ut ibnont roner ardu condifficit.  Nam arduitas  etdifficultas potissime sunt repugnantia etperibentiusne possimus ꝯseq bonum  et uirare malum Imperfrengͦ regisset  nam  si dedisset  ainalibus xupiscibilem perquemͣ uitarent mala  et prosequerentur bona.  nisi dedisset aeis irascibilem per quemͣ aggdirentur impedientia deloctationem illam 
ut igitur animalia,  secundum modum sibi conuenientem,  prout bene possint delectari per concupiscibilem,  data est eis irascibilis,  per quam resistant,  et aggrediantur impedientia delectationem illam. Duplex est ergo appetitus sensitiuus,  irascibilis, 	igitur animalia scdm moder.sͥ conuemientem plene possunt delectari per concupisciblem data enim eis irascibilis  per quan resiᷤtunt  et aggrediatur impedientia delectaconm illam Dupłeem ergo appetitus.  sensibilisiirascibilis 	ut gni ałiascd̃m  moder sͥ ꝯueniente  ple-ne possunt delectari per concupiscibłem  data est eis irascibiłperquemͣ resistant  et aggnidianter impediencia delectationem illam duplex enim gͦ appetitus sensitiuusirascibłis 	ut igitur ani-malia scdm modum sibi conuenientem prourbene possint delectari per concupiscibilem:  data est eis irascibilis per quaz resistant ⁊ aggrediantur impedientia delectationem illam. Duplex est ergo appetirus sensitluus irascibiꝰlis ⁊  concuplscibilis. 	illam:ut ĩgitur animalia ꝥm modum sibi conuenientez  proutbñ possint delectari per cõcupiscibilem:  data ẽ eis ĩtascibilis per quã resistant & aggre¬ diantur impedientia delectationem illam. Duplex est ergo appetitus sentiuus irascibi¬lis & cõcupiscibilis. 	nisi dedissieis irasci ᷝ ͤ per quemͣ agg̃derent ipedientia delectationem illam d upłt enim gͦ appetitus sensitiuus iasci᷑ 	Ut ugitur  ainalia ss  mo-dum sibi conuenientem  plene possent delettari percontupisciblem̃ data est eis irastibilis per quam resistant  et aggrediantur tmpedientia delectationem illam ¶ Dupplex est ergo appetitus sensituius Irascibilis 	ut gni ałia s modum s̾ ꝯentem plene p̃sint delectain per ocupiscibilem data enim eiusirascibit.  per quemͣ resistant  et agergerdiantur impedientia delectationem illam.  Dup᷑ eng appetitus sensitium iniscibilem 
et concupiscibilis. Appetitus autem intellectiuus,  qui dicitur voluntas,  remanet indiuisus.  Nam cum intellectus uniuersaliori modo respiciat suum obiectum quam sensus,  appetitus intellectiuus,  qui sequitur intellectum uniuersaliori modo,  fertur in bonum,  quam appetitus  secundum sensum:  et quia quanto aliquid  sub uniuersaliori modo accipitur, 	et concupiscibłis Appetitus aut intilectiuus.  qui dicitur uoluntas remanetuidiuisus.  Nam cum intłlectuᷤᷤunium saliori modo respiciat suum obiectum  quemͣ sensus appetitiuns. inellectuus  qui sequiteriesctum uniunsaliori modo fertur in bonum  quam appetitusscom sensum.  et quia quanto aliquid sub uniuersaliorimodo accipitur 	et concupiscibłis.  appetitus autem intllectiuus  qui d̃r uo luntas remanz indiuisus. Nancum in tllectus ueliori mon respiciat suum ob̃m  quam sensus appetitiuus intllectiuus  qui sequitur intllectum ueliori modo f̾tur inbonunquam appetitus ẜm sensum  et qrqͣnͣto aͥd sb̾ ueliori modo accipitur 	Appetitus aurem icirel. lectiuus  qui dicitur yoluntas remanet  indiuisus:nam cum inrellectus yniuersaliori modorespieiat suum obiectum q̃z sensus appetitus: intellectius  qui sequitur intellectum yniuersaliori modo fertur in bonum q̃z appetitus  secundum sensum ⁊  quia quanto aliquid  sub uniuersaliori modo accipitur 	Appetitus autem intel¬lectiuus  qui dicit᷑ uoluntas remanet indiuĩsusinam cum intellectus uniuersaliori mo¬do respiciat suũ obiectũ ꝗͣ sensus appetĩtus:  intellectiuus  quĩ sequĩtur ĩtellectum uniuer¬saliori modo fertur ĩbonum ꝗͣ  appetitus  secundum sensum &  quia quanto aliquid subuniuerlahiori mõ accipitur tãto unum & ĩdẽexistẽs ad plura se 	et concupis appetiturꝰ as iutellectuꝰ quidicitur uoluntas renianem  inderisus.Nam cun iutllcuns ueliori modo respiciat suum obm  quemͣ seusus appetitiuusiutellectuuꝰ quisequitur intllcm̃ ueliori modo fert in bonun  quemͣappetitus ẜ sensum  et qr qnͣto asd sb̾ ueliorimoo accipitur 	et concupisciblins. Apetitus autem dutelle ttiuus  qui dicitur uoliitas est indiuisus nam cum gritellectus umu̾saliori modo respiciat suum obiectum  quemͣ sensus appetitus intellectinus  qui sequitur intellectum uinu̾saliori modo fertur  in bonum  quem̃ apetitus ss sensum  Et quia quanto quid uniuersaliori mon accipitur. 	et ꝯxupiscibilem appetitur am intłsctium q dr̾ uoluntas remanr in  duus.Nam cum intłlectus u̾łiori mon respiciat suum oderm.  quemͣsensus appetitus i intellectium q scqͣ intłłm. u̾łiori mon fertur bonum  quemͣ appetitur s ss ͦ.  et qͣnto  aͥd sb̾u̾łiori modo accipitur 
tanto unum  et idem existens ad plura se extendit,  licet appetitus sensitiuus sit alius,  et alius,  secundum quem prosequimur delectabilia,  et secundum quem aggredimur terribilia:  appetitus tamen intellectiuus unus,  et idem existens fertur in omne bonum intelligibile.  Non ergo est alius appetitus intellectiuus,  secundum quem prosequimur bona delectabilia per intellectum,  et aggredimur bona ardua: 	tanto unum etidem existens  ad pła se extendit licet appetitus.  Sensitiuus sit alius  et alius ẜm  quid prosequitur delectabilia  sconsensum.et aggrediuntur tertibilia appetitus.  cum intlłetinsunus  et idem existens fertur iu or̃one bonum mtlłigibile 	tanto unum  et idem exnons ad płaseextendit  licet appetitus sensitiuiis sit alius  et aluus scd̃  quem parsequimur delactabłia scd̃m sensum  et aggredimur terribłia. appetitus tnon intllectiuus unus et idem exnonis scͣin om̃e bonum  et in tlłigibile non gͦ enim alius appetitus intllectiuus scd̃m  quem̃ prosequim̃ bona delectabłia  per intllectum  et aggerdimur  bona ardua 	tanto pnum ⁊ idẽexistens  ad plura se extendit: licer appetitꝰ  sensitiuus sit alius ⁊ alius scdm  quem prosequiꝰ  mur delectabilia ⁊  sed̾mn quez aggredimur tertibilia.  Appetitus  tamen intellectiuus rnus  ⁊idem existens ferrur in omne bonum  intelligĩbile:non ergo est alius appetitus intelleetiuꝰscd̃m  quem ꝓsequimur bona delectabilia. per intellectum ⁊ aggredimur bona ardua: 	extẽdit:licet appetitus sẽ¬sitiuus sit alius &  alius em quem prosequi¬mur delectabilia & ẜm  quẽ aggredimur terribilia.  Appetitus tamẽ ĩntellectiuus unus &  ĩdem existens fertur in omne bonum  ĩtelligibile:nõ ergo est alius appetitus ĩtellectiuꝰẜm  quem ꝓsequimur bona del ectabilia perĩtellectum & aggredimur bona ardua : 	tanto ium et ider exuns ad pła  seextendit licet appetitus sensitiuus sit alłꝰ  talsꝰ ẜ  quem̃ prosequi delcanbłia ẜ sensuntaggnidimur terribłia. appetitus tnon intełlectusꝰuꝰ  et ider exnons fert ᷑ in om̃e honum intlhoci ᷝ ͤ.  non gͦ est alius appetitus intellctuel ẜ  quem̃ prosequim bona delcanbłia per intilam̃  et aggdint bona ardua. 	tanto unum etidem existens ad plura se extendit.  licet appetitus sensituius sit aluus  et aluis serquem prosequi᷑ delectabilia ss sensum et aggredimur terribilia.  Appetitus tamen intellectuus unus  et idem existens fertur in omem bonum intelligibile.  Non est ergo aluis appetitus intedectuius ss quem prosequintur bona delectabilia per intellectum 	tanto unum ridem existens  ad pła se  extendit.licet appetitur sensiters sit alin et alius f quem proseqmur dełe tabilia ẜ ssͦ.  et aggnidim̃ terribilia. appetitus tnon intlłetium unon etidem exnons in one bonum in telligibile.  non gͦ enali appetitus intellectiuus. ẜ quem proseqm bca delectabilia per intlłm.  et aggerdim̃ bona ardua. 
sicut est alius appetitus sensitiuus,  secundum quem prosequimur bona sensibilia delectabilia,  et aggredimur terribilia.  Quare si omnis virtus moralis, vel est in intellectu,  vel in appetitu:  et appetitus alius intellectiuus  ut voluntas,  alius est sensitiuus:  et hoc duplex,  irascibilis scilicet,  et concupiscibilis:  oportet omnem virtutem moralem,  vel esse in intellectu,  vel in voluntate,  vel in irascibili,  vel in concupiscibili. Accipiendo ergo virtutem moralem large prout ipsa prudentia dicitur quaedam virtus moralis,  dicere possumus  quod secundum has quatuor potentias animae in quibus habet esse virtus, sumptae sunt quatuor Virtutes Cardinales;  videlicet, Prudentia,  Iustitia, Fortitudo, et Temperantia.  Nam Prudentia est in intellectu,  Iustitia in voluntate,  Fortitudo in irascibili,  Temperantia in concupiscibili.	non ergo enim alius appetitus inasctuus sconm quem proseque mur bona delectabilia per indsctum  et aggredimur terribilia.  quare si omnis uirtus moralis.  uel in intłsctu uelin appetitu.  et appetitus alisem intłlectiuus  ut uoluntas alius sensitiuus  et hic duipphocc. irascibilis  et concupiscibilis. oportet omnem uirtutem moralem.  uel esse mintllectu.łinuoluntate.  uel in  irascibła.uel in concupiscibili. Actipiendo igitur uirtutem morͣlem large  prout ipsa prudencia dicitur quedam uirtus moralis dicere possumusquem scd̃m has quatuor potentias anime  in quibus het cem  uͥtus sumpte sunt .iuͣi. uurtutes cardinales.  scilicet prudencia. iusticia. temperancia.  fortitudo.Nam prudecia enim in intllectu. iusucia in  uoluntade.fortitudo in irascibili. temperancia in concupiscibili.	sicut enim alius appetitus sensitiuus scd̃  quem parsequimur delectabłia bona sensibłiaet aggerdimur terribłia qͣr  si om̃isuirtus moralem uel est inintllectuuel inappetitu  et appetitus alius est intllectiuus  uel uo luntas alius sensitiuus  et hoc dupͣirasci lem ẜ concupiscibłis  o oenuirtutem moralem uel esse inintellectu uel inuoluntate uel inirascibłi uel inconcupiscibłi accipiendo gni uirtutem moralem large  prout ipsa prudenciaderr moralis uirtus quedam dic̾epossumus  quem ẜm has .iiiiͦ. poͣasaiue inquibus h esse uirtus sunptest̃ .iiiͦiͦ.  ututes cardinales .s. p̃dencia iustina fortitudo  et feperancia.  Nam prudentia enim in intellectu iusticia inuoluntate fortitudo in irascibili temperancia incontu ipiscibili etrancia incontu ipiscibili  et	sicut ẽalius appetitus sensitiuus sed̾m quẽ prosequi mur bõa sensibilia  delectabilia:⁊ aggredimur terribilia.  Quare si omnis uirtus moralis uel est in intellectu uel in appetitu:  ⁊  appetitus alĩus intellectiuus  ut roluntas:  alius est sensitĩuus ⁊  hoc duplex itascibilis .s. ⁊  concupiscibilis:oportet omnem uirtutem motalez uel essein intellectu uel in xoluntare uel in irascibiliuel in concupiscibiłi:  accipiendo ergo rirtutezmoralem large  prout ipsa piudentia dieitur q̃dam uirtus moralis:  dicere possumus ẜm has quatuor potentias anime  in quibus habet eẽ uirtus sumpte sunt  quatuot uirtutes cardina les uidelicet prudentia iusticia fortitudo ⁊  tẽperantia:nam prudentia est in intellectu. iusticia in  uoluntate:fortitudo in irascibili tempe.rantia in concupiscibiłi.	sicut est alius appetitus sensitiuus ẜm quẽ ꝓsequi'¬  mur bõr sẽsibilia delectabilia:  & aggre dĩur terribilia.  O uare si oĩs uirtus moralis uel ẽin intellectu uel in  appetitu:& appetitꝰ ali¬us ĩntellectiuus ut uoluntas : alius est sensitĩuus &  hoc duplex irascibilis.s.&  cõcupiscibilis:oportet oẽm uirtutem moralem uel esse in ĩtellectuuel in uoluntate uel in irascibiliuel in cõcupiscibili:arcipiendo ergo uirtutẽ moralẽ large  prout ĩpsa prudentia dicitur q̃dã uirtus moralis:  dicere possumus ẜm  has quattuor  potentias:aĩ&  in quibus habet esseuirtus sũptae sunt quattuor uĩtutes cardinales uidelicet prudẽtia iustitia fortitudo &  tẽperãtia:nam prudentia est in ĩtellectu:  iustitia in uoluntateifortĩtudo in irascibili : tẽperantia in concupiscibili.	sicut est alius appetitus sensituel ẜ̃quem̃ prosequi bona sensi ᷝ ͦ delcanbłia t aggerͥ diui terribłia. qrͣ  si oins uirtus moralem uel en in iatellectu uel in appetitu.  et appetitus alius em intelsctuꝰ  uel noluntas.  alius sensitusꝰ.  et h dup̃. irascilem s.  et concuperis lem o oenmuirtutenmoralem uel esse in intellectum uel in uo ͭ ͤ uel inirascilem uel in concupis ᷝ ͥ accipiendo gni uirtutem moralem large  prout ipsa pͣdentia dicitur quedam uirtus moralem dic̃em possumus quem ẜbas .iiii.  poͣs aiue in quibus habent esse uirtus sunpte sunt .iiii.  uirtutes cardinales. spͣden. iusticia. fortitudo et tem perantia.  Nampͥdentia enim in intellectu. iusticia in uo ͭ ͤfortiᵈ ͦ in nasci ᷝͥ tenperanͣ in concupisciblem	et aggredimur bona ardua sicut est alis appetitus sensituius ssz quem prosequimur bona delectabilia et aggredimur terribilia Quare si omins uirtus moralis uel est in Intellettu uel in appetitu  Et appetitus alius est intellectius uit uolintas  et alius est sensituuis  et hic est dupplex  scilicet irascibilis  et concupisciblis Oportet onmnem uirtutem esse uel in intellettu uel in appetitu intellectiuo uel in mascibili uel in concupiscibili.  Accipiendo ergo uirtutem mo-ralem large  prout ipsa prudencia dicitur queduirtus moralis dice possumus  quem sy hasquatuor potentias aiue  in quibus ht esseuirtus moralis sumpte sunt quatuor uirtutes cardinales scilicet prudencia iusticia  for-titudo temperancia.  Nam prudentia est in intellectu dusticia est in uoluntate fortitudo in irascibili.  temperantia in concupiscibili	sicut est alius appetiter sensitium  per quem proseqm̃ unoni sensibiliatelectabilia.  et agg̃dim̃ terribilia. Qr̃  si oins uirtur imorat enim in intlłu uel in appetitu.  et appetitur a li̾ en intelletium uel uoluntas. alius sensitium  Ute est aluisensus  et hic dup᷑. irascibilem s. et ocupiscibilem opartoen uirtutem moralem uel esse inintlłli.  uel in uoluntateuel in irascibili uel in ocupis cibili.  accipiendo gniuirtutem moralem large  prout ipam prudentia dr quedanuirtus moralem dicem possumus q ẜm has uiͦii. potencias aiue inqbus hoct esse uirt. sunpte sunt.4. uirtutes caardinales .s. prudentia. iustina. fortitudo  et tempantia. Nam prudentia enim in intlłu. uisticia in uoluntate.  fortitudo in iras cibili. tenperantia in xupiscibili
