2_1_1607	BNF_Arsenal_5062	BNF_Français_24-233	Valladolid_Ms_251	BNE_INC_1923	AH_CD_160	BML_Plut_89_sup_116	BNF_Français_1203	BC_Ms_739
Postquam auxiliante Deo compleuimus  primam partem huius primi libri,  in quo agitur de regimine sui, 	Pres que par laide de dieu auons acompli la premiere partie de ce liure  ou quel traicte du regime de soy mesmeᷤ demonstrans 	Uis qe nous auõs enseigne alaided̃ dieu enla primiere partie d̃ ce uure 	dios acabamos la ṕm̾a parte deste libro ṕmero en q̃ seẗcta dł gou̾namiẽto dł om̃e enssi/. 	Jiançant la aiuda diui¬na hauez a¬cabada la p̾mera ꝑt de aq̃st primer libre. Lo q̃l tracta ḋl regimẽt de si¬mateix mo¬strant 	Iiençant la aĩuda diuina hauem acabada la primera part de aquest primer libre.  lo qual tracta del regiment de simateix 	A ꝑui chenoi auiamo iuseguiato a laude didio nella prima ꝑte di questo liro 		Epus q̃ deus auidãt hauẽ cõplida la pͥmã ꝑtida da q̃st pͥmer libre  en lo qͥl es tractar del uirtuts. 
ostendentes in quo Reges et Principes  suam felicitatem debeant ponere, 	en quoy les rois et princes doiuẽt mettreleur felicite 	q̃les Rois ⁊ les prĩces sont beneuurez 	Et mostmos en q̃ deuẽ poner los Reyes ⁊ los ṕnçipes la su feliçidat ⁊ la su biẽ andãça/. 	en que los Reys e Princeps deuen posar sa felicitat. 	mostrãt en q̃ los Reys e Princeps deuen posar sa felicitat. 	che li Re elli principi sono ingraçia 		regimẽt desimatex demostrãt en qͣ̈l cosa los Reys els pͥnceps degen posar la sua benauẽturança. 
quia non decet  eos suum finem ponere in diuitiis,  nec in ciuili potentia,  nec in aliquibus talibus,  sed omnibus his  (ut supra plenius probabatur)  debent  uti tanquam organis ad felicitatem. 	car il ne doiuent pas mettre leur fin en richesses ne en ciuile puissance ne en autres telles choses.  mais comme dauantest prouue plus plainemẽt ilz doiuẽt user de toutes ces choses  aussi cõme des orgãnes ou instrumẽs a leur felicite acqueire 	qãt il aimẽt dieu. ⁊ pour lamoͬrd̃dieu. sicome bons serganz ⁊ leausil tendent agouu̾nez sagem̃t le pueple selonc loy ⁊ raison. 	Et q̃ nõ les cõuiene poner la su fin en riq̃zas nĩ en poderio ciuil nĩ  en miugũas oẗs cosas corporales nĩ tẽporals̃ Mas assi cõmo ꝓuamos cõplida mẽte desuso deuẽ husar de todas estas cosas  assi cõmo de instrumẽtos ꝑa ganar la feliçidat ⁊ la biẽ andãça. 	Car no la deuẽ posar en riq̃sas  ne en potẽcia ciuil  ne en altras cosas tals.  ans de aquellas segons damũt es prouat' deuen usar  com de instruments a 	Car no la ḋuen posar en riquesas  ne en ꝑotẽcia ciuilne en altras cosas tals.  ans de aquellas segons damunt es prouat deuen xsar  com de instruments a felicitat. 	quando eglino amano dio. 	uis sunt. cocco 	Quar nos ꝑtãy dells posar la sua  si en riq̃hes ne enpotencia ciuil/  ne en alc̾s coses aytals ans de cots coses aytals segons q̃ damũt era ꝓuat deuẽ usar axi cõ dorgues o de instrumens abenauẽturanca/ 
Suam autem felicitatem ponere debent  in actu prudentiae, 	mais doiuẽtmettre felicite ou fait de prudence cõmande de chante		Mas la su bienandança deuẽ poner en obras de p̈dençia⁊ de sabiduria segũd 	felicitat.Mas la sua felicitat deuen posar en obra de prudencia segonses manada per caritat. 	Mas la sua felicitat deue posar en obra de prudencia 	Eꝑ lamore didio 		Mas la sua benauẽturãça deuẽ posar en fer o en obra deprudẽcia 
prout talis actus est imperatus a charitate:  nam tunc Reges habent felicitatem suo statui debitam,  et condignam,  quando instigante Dei dilectione  secundum prudentiam regitiuam,  gentem sibi commissam secundum legem,  et rationem sancte, et iuste regant.  Principaliter ergo Regum felicitas ponenda est in ipso Deo,  et ex cognitione et dilectione eius studium suum,  et vitam suam ad hoc ordinare debet,  ut cognoscentes, et diligentes Deum,  tanquam veri ministri eius  secundum ordinem rationis dirigant Populum sibi commissum.  His ergo itaque peractis,  et ostenso in quo Reges ponere debeant  suum finem  secundum ordinem superius praetaxatum,  restat ostendere  quibus virtutibus Reges pollere debeant.  Virtutes autem quaedam sunt quidam ornatus,  et quaedam perfectiones animae. 	car adoncq̃sont les roys felicite deue  et condigne a leur estat  quãt eulx emeuz de lamour de dieu gouuernẽt la gent a eulx cõmise selon prudẽce et selon la loy et raison saintemẽt et iustemẽt.  doncques principalemẽt en dieu doit estre mise la felicite des roys et eulx meuz de la congnoissance et amour de dieu leur estude et leur uie doiuẽt ordõneza  ce que en congnoissant et aymẽt dieu.  aussi cõme ses uraiz mĩstresilz puissent gouuerner le peuple a eulx cõmis selon lordre de raison  Ces choses doncques dauãt mises et monstre  en quoy le roy doit mettre sa fin.  Reste maintenãt demonstrez selon lordre dauãt notee  quelles uertuz les roys doiuẽt auoir.  Et pourtant que les uertuz sõtornemẽt et ꝑfection de lame 	Nous dirons qeles u̾tuz les Rois ales prĩceᷤᷤdouuẽt auoir.  Et porce q̃ les u̾tuc:  font laimue perfaite.  ¶Il conuẽt. pͥmieremẽ sauoir  qantes puissãces lame.a. q es q̃les les u̾tu d̃bounes euures doiuent estre. ⁊  ap̃s nous dirons  cõmẽt ⟦len⟧ len doit deuu̾it lesu̾ruz de bounes euures ⁊ 	q̃ tales ob̈s son regladas  por caridat ⁊  por el amor de dios  Ca estonçe hã los Reyes ⁊ los ṕncipes la su feliçidit ⁊ la su felicidat biẽ  andança q̈l deuẽ auer ⁊ q̈l ꝑtenesce asu estado q̈ndo  ellos cõ el ayuda de dios  ⁊con el amor de dios segũd la sabiduria dł gou̾namiẽto gouernã las sus̃gẽtes ⁊ los sus pueblos q̃ les son acomẽdados scã mẽte ⁊ derechurera mẽte segũt ley ⁊ segũt razõ /.  Et pues q̃assi es ṕnçipal mẽte la feliçidat ⁊ la biẽ andança dłos Reyes ⁊ dłos ṕnçipeses de poner en solo dios /.  Ca deuẽ ellos ordenar la su uida ⁊ el su estada a esto q̃ por conosçimiẽto ⁊  por amor de dios conosçiẽdol ⁊ amãdol assi cõmo oficiales u̾daderos suyos enderescẽ ⁊ guyẽ el pueblo q̃ les es acomẽdado segũd orden de razõ ⁊ de entẽdimiẽto/ Et pues q̃  assi es estas cosas todas  assi acabadas ⁊ demosẗdo en q̈l cosa han los Reyes ⁊ los ṕnçipes  de poner su fin segũd la orden ya dicha ⁊ assignada finca nos de demostrar enq̈les útudes deuẽ  resplandesçer los Reyes ⁊ los ṕnçipes/.  Ca las útudes son unos hornamẽtos ⁊ cõponimiẽtos ⁊ hunas ꝑfectiones q̃ fazẽ acabada el alma/. 	car lauors los Reys han felicitat condigna ason  stat:quant instigant la amor di¬uina segons prudẽcia regitiua leye rao regexen lo poble  quils es co¬manat sanctament e iusta:  segons damunt hauem dit.  Donchs principalment felicitat deu esser posada en  deu.coes que per conaxença e dileccio ḋaq̃ll lo seu studi e uida deuẽ ordenar a amar  e coneixer deu e cõa u̾taders ministres  seus:segons or de de rao regescã lo poble quils es  comanat.¶Aquestas cosas axi cõ¬plidas e mostrat en que los Reys deuen posar la sua felicitat,  segonsdamunt es posat en lo capitol tercResta  a mostrar de quals uirtuts deuen esser ornats.  Car las u̾tuts son alguns ornamẽts e ꝑfeccions dela 	segons es manada per caritat.  car lauors los Reys han felicitat condigna a son  stat:quant in¬stigant la amor diuina segons prudencia regitius  ley:ereo regexen lo poble quils es comanat sanctament  e iusta segõsdamunt bauem dit.  Donchs principalment felicitat deu es¬ler posada en  deu.ço es que per conaxença e dileccio de aq̃lllo leu studi e xida deuen ordenar a amar  e coneixer deu  e coa utaders ministres seꝰ segõs orde de rao regescan lo  poble.did.  quils es  comanat.¶ Aquestas cosas axi cõplidas e mostraten  que los Reys deuen posar la sua felicitatsegons  damũtes posat en lo capitol  ferç:resta a mostrar de quals xirtuts deuen esser ornats.  Car las xirtuts son alguns ornamentse perfeccĩons dela 	sichome buoni sergienti e leaglieglio attendono aghouernare samamẽte lopoplo sicondo leggie eragione.  Noi diremo  che uirtu li Re elli principi de bono auere  Et imꝑo chele uirtu fano lanima ꝑfetta.  Econuiene p̾meramente sapere  quante potençe lamina a  e chomelouirtu delle buone huopredebono essare fatte.  Et ap̃sso noi diremo  chomesi de diuisare le uirtu delle buone huopre  e quante ne sonno. 	que nous coco. auons enseignie a laide de dieuen la p̾miere partie de ce liure q̃les rois ⁊ les pͥnces sunt beneurez  quant il aimẽt dieu. ⁊ pour la mor de dieu.  si cõme bons serganz ⁊ leaus ⁊l entendent agouu̾ner sagement le pueple selonc loy ⁊ raison.  Nous dirons q̃les uertuz les rois ⁊ les princes doiuent auoir.  Et pour ce que les n̾tuz font la me ꝑfaite.  ¶Il couient p̾mierement sauoir qnͣtes poissances la me a. ⁊esqueles les u̾tus de bones euures domient estre ⁊ ap̾snous dirons 	o desauieasegons q̃ tal fer oral obra es manada ꝑ caritat/  Quar lauos los Reys han benauẽturãca deguda  e cõdigͤal lur estament  quan ells ꝑ instigacio dela amor de deusegõs sauiea  o segõs pruden̾cia regitiua esegons ley  e segons raho regexẽ lagent quils ͤ comanada santamẽt eiustament.  Donq̃s pͥncipalment la benauenturança dels Reys deu esser posada en deu axi q̃  per couexença e ꝑ dilectio dell lur estudi  e lur uida studien ordonar a aço q̃ ells conexent  e amant deu axi cõ au̾rades ministres o au̾tades ẜutdos seus segõs orde de raho endreçen o regesq̃n lo poble qͥls comanar/ aq̃stes coses donq̃s axi cõplides/.  E de mostrar en qual cosa los Reys deuen posar la sua  si segõs lorde damũt posat en lo.c.iii. Roman a demostrar de quals uirtuts los Reys degen resplendir  quar les uirtuts son algũ ornament 
Oportet ergo prius ostendere,  quot sunt potentiae animae,  et in quibus potentiis habent esse virtutes.  Consequenter autem manifestabitur,  quomodo virtutes sunt distinguendae.  Postea vero ostendemus,  quot sunt numero huiusmodi virtutes,  et quae illarum sunt principales,  et secundariae. 	il cõuient premieremnẽt demonstrez  quãtes sont les puissances de lame  et es quelles sont les uertuz.  Et consequẽtemẽt sera declaire  cõmẽt les uertuz sont distinguees ¶  Apres demonsteron  quantes sont ces uertuz en nombre  et les quelles sontprincipales 	qñtes il en soit.  ⟦Et⟧  Et ap̃s nous. dirons de chascune q̃le.ẽ. 	Pues q̃ assi es cõuiene mosẗr ṕmero  q̈ntos son los pod̾ios dł alma  Et en q̈les pod̾ios han de seer las útudes/.  Et despues desto mosẗremos en q̈lman̾a se departẽ las útudes/.  Et del pues desto mosẗremos q̈ntas son  por cuẽto çierto estas útudes/.  Et q̈les dellas son ṕnçipeles/.  Et q̈les segũdarias/. 	aĩa.Primeramẽt dõchs es necessa¬ ri mostrar q̃ntas sõ las potẽcias de la aĩa  e en quals potẽcias hã aesser las  u̾tuts.Segonament sera dit cõ deuen esser distinctas las uirtuts.  Tercament mostrarem quãtas son per nombre aq̃stas  uirtuts.e qualsson principals e menys principals Quartamẽt 	anĩma.Primerament donchs es necessari mostrar  quantas son las potencias dela anima.  e en qualspotẽcias han acsser las  uirtuts.Se gonamẽt sera dit:  cõduẽesser distinctas las xirtuts. Terçament mostrarẽ quãtas son per nombre aquestas  xirtus.e quals son principals e meys prĩcipals. Quartamẽt 	Epoi noi diremo di craschuna  quale ella e etchome li Rs elli principi debono auere tale uirtu.  Et diremo le  quale sonno pui principale dellaltre. 	coment len doit deuit̾les u̾tuz de bones euures. ⁊ qnͣtesil en sont.  et qpͥs nous dirons de chaucune 	e algunes ꝑfeccions dela aĩa ¶Pͥmerament donques coue a demostrar quãtes son les potẽcies dela aĩa e en qͣls potẽcies han ꝑsser les uirtuts/  Empero ap̾s sera maĩfestat en qͣl manera les uirtuts deuẽ eẽr deꝑtides/ ¶Enapͥs nos demostrarẽ quãtes son per nõbre aq̃stes uirtuts¶S quals da quells son pͥncipals  e qualsson secundaries o meỹs pͥncipals 
Deinde autem declarabitur singulariter,  quae sit unaquaeque illarum virtutum,  et quomodo decet Reges,  et Principes tales virtutes habere.  Potentiae autem animae sic distingui possunt, 	et les quelles sont apres. finablemẽt sera declaux dunechime uẽrtuz singulieremẽt  et cõment les roys et princes doiuẽt auoirtelles uertuz.  Les puissances de lame peust ainsi estre distinguees 	Et comẽt les Rois ⁊li prĩce doiuẽt auoir teles u̾tu. ⁊ dirõsles qeles sũt plus principaus des autres.  ¶Dont len doit sauoir 	Et ala postremeria declararemos espeçial mẽte q̈l es cada una de estas utudes/.  Et en q̈l man̾a cõuiene alos Reyes ⁊ alos ṕnçipes de auer estas útudes  ¶pues q̃ assi es los pod̾ios dł alma se puedẽ assi departir 	e derrera sera declarat en special q̃l  es cascuna de aquellasu̾tuts e com los reys e p̾nceps deuẽ hauer tals  u̾tuts.¶La p̾mera q̃ es necessari mostrar 	e derrera sera declarat enspecial  qual es cascuna de aquellas uirtuts  e cõ los Reys e. Princeps õuen hauer tals  xirtuts.¶La pͥmera q̃ es necesfari moitrar quãtas  sõ las potẽcias ḋla aĩa axis proua.  Las potẽcias podẽ esser distĩctas en quatre moñras 	Donde luomo de sapere  che lauima sia .iiii. manie¬re di potencie. 	que le ele est. 	E finalmẽt sera declarat en especial q̃l  sia q̃scuna daq̃lls uirtuts  E enqͣl mana̾ se ꝑtaỹ dels Reys e dels pͥnceps hau̾ tals  uirturs¶Les potencies dela aĩa poden esser deꝑtides en aq̃sta 
quia potentiae animae quaedam sunt naturales,  quaedam cognitiuae sensitiuae, 	carles unes sont natureles. les autres cognitiues ⁊ sencitiues. aulcunes appetitiues et les autres intellectiues. 	qe la uinc.a.iii. maineres d̾ poissance. Leᷤunes sũt natureles 	ca alguõs destos poderios dł alma sõnat᷑ales  ⁊ alguos son pod̾ios senssitiuos conosçedores/. 	quantas son las potẽcias dela aĩa axis proua.  Las potẽcias poden esser distinctas en quatre maneras. Car algunas son naturals:  altras cognitiuas  sensitiuas.altras uoluntarias. 	car algunas son naturals altras cognitiuas sensitiuas altras xoluntarias. 			man̾a¶Quar algunes sõ nãls ¶Algunes cog̾tiues o conexedores sensitiues 
quaedam appetitiuae,  et quaedam intellectiuae.  Naturales potentiae sunt illae,  in quibus communicamus cum vegetabilibus, et plantis, 	Les puissances naturelles sont celles  qui sont cõmunes a nous et aux plantez uegetables 	si come lau̾tu q̃acroist. ⁊ la u̾tu qiengendre.  ¶Lesautres puissances d̾ lame sũt conuissans 	Et algũos desseadores ⁊ algũõs intellectiuos ⁊  entẽdedores ¶Nat᷑ales pod̾ios son aq̃llos en los q̈les partiçipamos cõ los arboles ⁊ con las plantas ⁊ cõ todas las cosas q̃cresçẽ en la trm. 	altras  in¬tellectuals.¶Las potencias naturals son aquellas  en las quals participam ab las cosas uegetablas:  co¬es ab las 	altras  in¬tellectuals.¶Las potencias naturals son aquellas  en las quals participam ab las cosas xegetablas.  ço es ab las plãtas. 	⟦Luuqͥ soeͣ naturale fich⟧. 		¶Alguñsappetitiues o uolũtaries/  E alt̾s entellectuals ¶les potẽcies n̾als son aq̃lls en les qͣls nos ꝑtiçipã  ab les coses qui han uida  e ab les plantes 
ut potentia nutritiua, augmentatiua, generatiua,  et talia quae etiam ipsis arboribus competunt. 	cõe est la puissance neutritiue augmentatiue et cõuantiue les q̃lles cõpetent a nous et aussi aux arbres et aux herbes 	si come laueue. 	Assi cõmo son pod̾io de ćar ⁊ de acresçẽtar ⁊ de engẽdrar ⁊los q̈les ꝑtenesçen tã biẽ alos arboles⁊ alas plãtas cõmo anos 	plantas.axicom es potẽ¬ cia nutritiua.generatiua.e augmẽtatiua: las quals conuenan als 	axicõ es potencia nutritiua generatiua e aumẽtatiua las quals conuenan als 			axicõ es potẽcia nucͥtiua/ crescitiua  e gen̾atiua eles alt̾s aurals qͥaximatex couenen als arbres 
	que on appelle plãtes uẽgetables. 							
Potentiae vero cognitiuae sensitiuae,  sunt visus, gustus, auditus, et talia,  in quibus communicamus cum brutis.  Appetitiuae vero distinguuntur:  nam quidam appetitus est in homine,  in quo non communicat cum brutis, ut est appetitus sequens intellectum:  quidam vero in quo communicat cum eis,  ut appetitus sequens sensum.  Appetitus autem sequens sensum potest  nominari sensualitas:  sequens intellectum nominatur voluntas: 	mais les puissances cognitiues sencitiues sont celles  par quoy nous cognoisson les choses corporelles  comme est la ueue legoust et le atouchement et telles choses  les quelles sont cõmunes a nous et es bestes brutes ¶  Les puissances appetitiues sont partiz en deux.  car en homme est ung appetit  qui nest pas es bestes brutez cest la petit  qui ensuit lentendement.  Et homme ha ung aultre appetit  qui est cõmun a lur  et aussi es bestes cest la petit  qui ensuit le sens corporel  et peust estre nõme sensualite.  Et lautre apetit  qui ensuit lentendemẽta nom uolente. 	¶Le goust⁊ latochemãt ales autres sens del home.  ¶Une autre poissãce d̾ laume.  Si ẽ qen apelle lentendim̃t.  ¶Les autres possances d̾lame sõt. dites poissances qi d̾sirẽt.  Dont lunssi est nomee uolente 	¶Mas los poderios conosçedores dłõs sesos son  assi cõmo el uiso ⁊ el oyimẽto ⁊ el gusto ⁊el odoramẽto ⁊ el tãnimiẽto/ o el ueer⁊ el oyr ⁊ el gostar ⁊ el oler ⁊ el tãner  Et estos tales son comunes tan bien alas bestias cõmo anos/  ¶Mas los poderios desseadores se deꝑten en esta guisa/.  Ca algũo dłłos es ꝓpio al om̃e eñl q̈l nõ partiçipa con las bestias/.  assi cõmo es el appetito q̃ sigue al entẽdimiẽto/.  Et alguõs son comunes tan biẽ alas bestias cõmo alos om̃s  assi cõmo el appetito q̃ sigue alos sesos  Mas el desseo ⁊ el appetito q̃ sigue al seso es llamado sensualidat/.  Et el appetito q̃ sigue al entẽdimiẽto es llamãdo uolũtad/. 	ar¬bres.¶Las potencias cognitiuas sensitiuas son la uista.  gustar. tast. toche las altres  tals:en las qualsparticipam ab las bestias brutals.  ¶Las potencias appetitiuas son distinctas. Car algun appetit es en home  en lo qual no participam ablas bestias  brutals.axicom lo appetit intellectiu.  Altre es  ab lo qual participam ab ellas.  axicom sensi¬tiu.  Lo appetit sensitiu pot esser appellat sensualitate lo intellectiu 	arbres.¶Las potẽcias cognitiuas sensitiuas son la xista gustar tast toch e las altrs tals.  en las quals participã ab las bestias  brutals.¶ Las potẽcias ap¬petitiuas son distinctas.  Car algun appetit es en home  enlo qual no participam ab las bestĩas brutals.  axicõlo appetitintellectiu.  altre es  ab lo qual participam ab ellas.axicõsensitiu. Lo appetit sensitiu pot esser aꝑpellat sensualitat.  e lo ĩtellectiu xoluntat. 	Lune sonno naturagli si chome la uirtuche notriscie. ella uirtu  cho acrescie. ela uirtu  che ingenera . Laltre potençie delamma sono coquoscienti.  Sichome el uedere il ghustare	Et comẽtli roi ⁊ li pͥnce douient auoir telesu̾tus . ⁊ dirons les queles sunt plꝰpͥncipaus des autres. ¶ 	¶Mas les potencies conexedor̃s sensitiues son la uista  lo gustar ol tascar lo tochar  e les altres ayrals  en los quals nos comunament ꝑticipã ab les besties brutals ¶Mas les potencies appetiues o uolenteroses son deꝑtides/.  Quar algũ appetimẽt o alguna uoluntat es en hõ  en lo qͣl ell no ꝑticipa  ab les besties  brutals/ 
secundum quem modum loquendi bruta habent sensualitatem,  et appetitum sensitiuum,  sed non habent voluntatem, et intellectum.  Virtutes ergo,  de quibus loqui intendimus, 	Eelon la quelle maniere de parler les bestes brutez ont sensualite et apetit sensitif.  mais ilz nonst mye uolente  qui est apetit intellectuel.  Donc les uertuz  dont nous entendon parler 	qi est desir delentendimẽt. ⁊ lautͣeͣ.ẽ. dite desir.v.sens delhome.  ¶Et poons ꝓuer pai.iii.raisons q̃ les uertus d̾ bounes euures	Segũd esta man̾a de fablar las bestias han senssualidat et appetitosenssitiuo.  Mas nõ han  uoluntadparte..laSegunda nĩ appetito q̃ sigua al entẽdimiẽto Et pues q̃  assi es las útudes de q̃ aq́auemos de fablar 	uoluntat.Segons la qual manera de parlar las bestias brutals han sensualitat o appetit sensitiu.  mas no han  uoluntat:coes appetit intellectiu.  Donchs las uirtuts delas quals entenem a parlar 	segõs la qual manera de parler las bestias brutals han sensualitat o appetit senlitiu.  mas no hã uoluntat.  çoes appetit intellectiu.  Tonchs las xirtuts celas quals entenem a parlarq̃ 	e lo tocchare eglialtasençi delluomo. 	Dont lendoit sauoir 	axi cõ es lappetumnent o la uoluntat q̃ seguer lenteniment  Mas algũ alcre es en lo qual ell ꝑticipa ab ells axi cõ  es lappetiment o lauolũtat 
quae sunt quidam habitus laudabiles,  vel erit in potentiis naturalibus,  vel in ipsis sensibus,  vel in appetitu sensitiuo,  vel in appetitu intellectiuo,  vel in ipso intellectu,  vel in omnibus his,  vel in aliquibus horum.  In potentiis autem naturalibus esse non possunt, 	lesquelles sõt habiz louables  ou ilz seront es puissances naturelles ou es puissãces sensitiues cogitiues ou en lapetit sensitif. ou en lapetit intellectif. ou en lentendement ou en toutes ces choses ou en aucunes delles.  Maises puissances naturelles ne peust il estre 	qe nous aqerons per acostomãces d̾biẽ faire ne sont pas es poissãces d̾ lame natureles ne es.v. sens del home. ¶Lapͣmiere raisõ si . ẽ. qar pour les u̾tuz des bounes euuͬeᷤlendoit loer lome  quãt ille sa ⁊ blaumez 	q̃ son unas uestiduras muy loables ⁊ much̃o hõrradaᷤᷤdł alma/oserã en las pod̾ios nat᷑ales/ o en los pod̾ios senssitiuos/o eñl appetito  senssitiuo/o eñl appetito intellectiuo q̃ es la  uolũtad/o eñl entẽdimiẽto  mismo/o en todos estos/  o en algũõs dellos/.  Mas q̃ en los pod̾ios nat᷑ales nõ pueden seer las útudes podemos lo ꝓuar 	que son al¬guns habits dignes de loar  o seran en las potencias naturals  o en lo appetit  sensitiu,o en lo appetit  in-tellectiu,o en lẽtenimẽt o en totas aquestas potencias o en alguna de aquellas.  En las potencias natu¬rals no poden esser: 	son alsgũs habits dignes de loaroserã  en las potẽcias naturals  o en lo appetit sensitiu.  oen lo appetit ĩtellectiu o en lentenimẽt:  o en totas aq̃sias potẽcias o en alguna ḋ aq̃llas.  En las potẽcias naturals no pode esser. 	¶Unaltra potença dellamina  e chesi chiama lontellecto: Lal.¬tre potençe dellanima sonno dette potençe desiderose. 	que lame. a .iii. manieres de puissances.  ¶Les mies sõtnature les.  Si cõme la u̾tu 	qui segueyx lo senycorꝑal pot eẽr appellat sensualitat/  En aq̃ll qui seguex lentenimẽt sia appellat uolũtat¶Segõs la qͣlmanera de parlar les besties brutals han sensualitat e appetimẽt sensitiu/  Mas no han uoluntat  co es assaber appetiment intellectiu ¶Donq̃s les uirtuts dels quals nos entenẽ aꝑlar  qui sõ alguns habits o concebimẽs dignes de lahor  o seran en les potẽcies n̾als/ o en les potençies sensitiues/ o enlappetiment sensitiu o en lappetiment incellectiu o en lentemment o entot̃s aq̃stes potẽcies o en algunes daq̃stes. En les potencies n̾als no poden eẽr 
quod tripliciter patet.  Primo, quia ex naturalibus nec laudamur,  nec vituperamur  nullus enim dicitur <pb n="45"/>  bonus homo  ex eo quod habeat digestiuam bonam,  vel bonam augmentatiuam.  Secundo, in talibus non habent esse virtutes:  quia virtus est aliquid  secundum rationem,  ut probari habet 2 Ethic’.  Potentiae autem naturales  (secundum quod huiusmodi)  rationi non obediunt:  nam siue quis ratiocinetur,  siue velit,  non propter hoc 	cõment appert par trois risons.  Car premierrmẽt nous ne sõmes loucz ne uituperez pour leschoses natureles.  car nul nest dit bon homme  pour auoir bonne mitatiue ou bonne augmentatiue. ¶  Secondement es puissances naturelles ne sont pas les uertuz.  car uertu est une chose selon nuson  cõe est prouue ou second dethiques.  Mais les puissances naturelles considerez en elles mesmes ne obeissent pom̃t a raison. 	quant il .a. le contraire.  ¶Mes. por bien norir. ne por biẽ estre acreu.ne porbiẽ ueoir. ne  por biẽ sentir nul ne doit est̾e̾ pͥncipaum̃t ne blaumesne loeᷤ. sil nest auis q̃ par trop bouire⁊ trop mengier il .a. aqis maladie  parqoi teles u̾tuz sunt enpeschees en leureuures.  ¶Dont en celes puissances len ne doit pas metre les u̾tuz d̾ bounes cuures sont chose selonc. raison qͥ doiuent estre es/ poissances d̾lameqͥ obeissẽt araison.  ¶Mes les poissãces natureles. ne le .v. sens d̾ lame no beissent mie araison.  Qar cler ueoir oyr mauuasemẽt ueoir nest pas prĩcipaumẽt en la poere de home.  ¶Qar se lihons amengie ⁊ ne uousist pas esteͬ ne acreu 	por tr̃s  razoñs/¶La ṕm̾a es q̃  por las cosas nat᷑ales  nõ somos alabados nĩ denostados/.  Ca nĩgũ om̃e nõ es dich̃o bueno por q̃ muele biẽ la uiãda nĩ  por q̃ cresçe biẽ ⁊ se faze grãde eñl cuerpo  ¶La segũda razõ  por q̃ en tales poderios nat᷑ales nõ han de seer las útudes es/.  Por q̃ la útud es algũa cosa segũd razõ  assi cõmo dize el pħo eñl segũdo libro dłas etḧs/.  CCas los poderios segũd q̃ son nat᷑ales nõ obedescẽ ala razõ/.  Ca si algũo  razonare/o q́siere algũa cosa en su uolũtad  nõ se sigue 	lo que en tres maneras es manifest.  ¶La prime¬ra perço cõ  per las potencias naturals ni som loats ni uituꝑats.  car algu no es dit bo perq̃  ha bona dige¬stiua o bona  augmẽtatiua.¶La se¬ gona rao ꝑque en tals potẽcias no han esser aq̃stas  ytuts:es perq̃ uir¬tut es alguna cosa segõs  rao.e axisꝓua en lo segon delas  ethicas.e las potẽcias naturals segons son  naturals:no obeexẽ ala rao.  Car ab totalgu haia rao ꝓpriamẽt parlãt las potẽcias ꝑ allo nos uarieian en sas  opacions.ans tostẽps segõs la ma¬nera a ells possibla fan sas 	lo q̃ en tres maneras es manifest.  La p̾mera ꝑço cõꝑ las potencias naturals nĩ som loats nĩ xĩtuꝑats.  Car al¬gu no es dit bo ꝑq̃  ha bona digestiua o bona  augmẽtatiua¶La segona rao ꝑq̃ en tals potẽcias  no hã esser aq̃stas xirtuts:  es ꝑq̃ xirtut es alguna cosa segõs rao.  e axis proua enlo segon delas ethicas.  E las potẽcias naturals segons son  naturals:no obeexen a la rao.  Car ab tot algu haia rao pro¬priament parlant las potencias ꝑ allo nos uarieiã en sas  oꝑaciõs.ans tostẽps segõs la manera a ells possibla fan sas o 	Donde luna sie nominatauolonta  che e desidero delintellecto.  elaltre sie detta desidero delli .u. sensi deluomo  E potiamo prouare ꝑ .iij.  ragioni 	qui acroist. ⁊ la u̾tu  qui engendre.  ¶Lesautres poissances de lame. sunt conoissanz.  Si cõme la ueue.  ¶Lezgoust. ⁊ la touchement. ⁊ les autͤssens del home. ¶  Une autre poissãce de lame  Si est quen apele lentẽdement. 	la qual cosa entres ma̾es es manifesta ¶pͥmerament per tal cõ  per les potẽcies  nãls no son lohars ne uituꝑars qͣr negũ  hom no es dit bo  per co cõ el ha bona digestio o bona crexẽça ¶En ap̾s entals potẽcies no han esser aq̃stes uirtuts ꝑ  tal cõuirtut es alguna cosa segõs raho segõs q̃  pot esser ꝓuat en lo.ii. libre de les echiq̃s/  E les potẽcies nalssegõs q̃ son naturals no obehexen ala rao  Quar sia q̃ algũ us deralo o deuolũtar ꝑlant 
(per se loquendo)  potentiae naturales variantur  in actibus suis,  sed semper secundum modum sibi possibilem suas actiones efficiunt.  Tertio, in talibus potentiis non sunt habitus, et virtutes,  qui habitus sunt  ad determinandum potentias,  ut bene vel male agant,  ut per habitus vitiosos determinatur potentia  ad agendum male, per virtuosos ad agendum bene:  cum ergo natura sit determinata ad unum,  et potentiae naturales sufficienter determinentur ad agendum,  ex natura sua secundum eas nec sumus vitiosi,  nec virtuosi,  ut hic de vitio,  et virtute loquimur:  quare in eis huiusmodi virtutes esse non possunt.  His ergo tribus rationibus,  per quas probatum est virtutes  non esse in potentiis naturalibus,  probari potest eas non esse in cognitione sensitiua,  siue in potentiis sensitiuis.  Nam sicut non laudamur,  nec vituperamur ex potentiis naturalibus:  sic non laudamur,  nec vituperamur ex sensibus.  Nam sicut nullus laudatur  tanquam bonus homo,  ex eo quod bene digerit,  vel bene crescit:  sic non laudatur 	car pour nr̃e ruison ouuolente les puissances naturelles ne uarient en leurs faiz  mais font leͬeuures selon leur maniere ¶  Tiercement en celles puissances ne peustestre uertuz ne autres habiz.  car les habiz determinẽt les puissances a faire bien ou mauuaisement.  car par les habiz uicieux la puissance est determinee a faire mauuaisement et par les habiz uertueux a faire biẽ.  donc puis que ainsi est  que nature est determiuee a une chose ⁊  que les puissances naturelles sont souffisaumet determinees de nature aleurs euures faire par elles ne sõmes nous uertueur ne uicieux selo  que nous parlon ycy de uertu et de uice  car en elles ne peust estre uicez ne uertuz.  Et par ses trois misons par les quelles est prouue  que uertuzne sont pas es puissances natureles.  peust on aussi prouuez  que les uertuz ne peust estre es puissances sensitiuez cogitiuez  car aussi cõme nous ne sõmes loucz ne uituperez a cause de puissances natureles aussine sõmes nous a cause des sens corporelz.  Car aussi comme nul nest loue ne tenu bon homme pourre  que il digere bien ou croist bien. 	si le norrim̃t.⁊ araistroiẽt lesu̾tu qi.ẽ. en lui sũt.  ¶Dout en ces ⁊poissances lenne doit pas metͬe les uertuz d̾bounes euures.  ¶La tierce Raison  si est qar les poissances natureles qles .v. sens d̾lome sõt encline ⁊ soufissam̃t par leur nature a fere ⁊leur euures:  Ne par els. nous ne somes ne bons ne mauues.  Mes les uertus des bounes euures enclinẽt les poissances de lame  ou elles sontabiẽ ⁊ faire. ⁊ les uices les enclinẽt. amal faire.  ¶Dont les uertuz d̾bounes euures ne douuent pas estrezespoisances d̾ lame natureles ni es.v. sens de lome  qi par leur nature ⁊ sunt encline suffissament afaire leur euures:  Ce secũt chap̃. d̾lasecũte paͬtie.dũprimier liure. enseigne  com̃t les uͥtuz des bonnes euures sũt  diuissces⁊com̃t eles sũt ou desir ⁊ en lentendim̃t del homouis 	por esso q̃ los pod̾ios dł alma seã mouidos nĩ desuariados en sus obras Mas segũt su man̾a ⁊ su poder  fazen siẽpͤ sus ob̈s/  ¶La t̾cera razõ  por q̃ ẽ los pod̾ios nat᷑ales  nõ pueden seer las disposicõnes nĩ las útudes es por q̃ laᷤᷤ disposicõnes ⁊ las útudes son  ꝑa se det̾minar los poderios  ꝑa biẽ obrar omal  assi cõmo cõtesçe q̃ por las malas disposicõnes se det̾minã los pod̾ios dł alma ꝑa mal fazer/.  Et por las buenas disposicõnes ⁊ útudes se apareian abiẽ obrar/.  ¶Et pues q̃  assi es cõmo la nat᷑a sea det̾minada a una cosa⁊los pod̾ios nat᷑ales sean det̾minados cõplida mẽte ꝑa obrar segũd su nat᷑a nos  nõ somos malos nĩ útuosos segũt los pod̾ios nat᷑ales  assi cõmo aq́ fablamos dła maldat ⁊ dła utud  por la q̈l cosa no puedẽ ser las útudes en los pod̾ios nat᷑ales/.  Et pues q̃  assi es por estas tr̃s razones mismas  por las q̈les es ꝓuado q̃ las útudes nõ son ẽ los pod̾ios  nat᷑ales se puede ꝓuar q̃ las útudes nõ  sõ eñl conosçimiẽto senssitiuo o en los pod̾ios senssitiuos conosçedors̃  Ca asi cõmo nos nõ somos alabados nĩ denostados por los pod̾ios nat᷑ales  assi nõ somos alabados  i nĩ denostados  por los conosçimiẽtos dłos sesos nĩ  por los pod̾ios senssitiuos/.  Ca assi cõmo nĩgũomẽ nõ es alabado nĩ es tenido por bueno  por q̃ muele biẽ su uiãda nĩ por q̃ cresçe biẽ  assi nõ es alabado 	opaciõs¶La terça rao ꝑque en tals potencias no han esser tals ututs.  es per¬que en ellas no son los habits ytuosos.  Car los habits son ꝑ determenar las potẽcias  q̃ facẽ be e  mal.onꝑ los habits uiciosos es determenada la potẽcia a fer  mal.e per los ha¬bits utuosos a fer be.  Dõchs cõ na¬tura sia determenada a un acte/ las potẽcias naturals sufficiẽtmẽt son determenadas  per sa natura a obrar  e segons ellas no som uicio¬sos ne uirtuosos parlant enla ma¬nera q̃ parlã aci de uici e  uirtut.perque en ellas no poden esser tals uirtuts.  Per aquestas tres raons ꝑ las quals es ꝓuat,q̃ las ytuts no podẽesser en las potẽcias naturals:  potesser ꝓuat q̃ no pot esser en la potẽ:  cia  sensitiua.La primera rao es:  q̃axicoz no som loats ni uituperatsper las potencias naturals. axima teix no son loats nĩ uituperats perlos senys corporals.  Car axicom algu no es loat  com fa be digestio.  Ecreixbe:axi no es loat coz ueu agu¬dament o ou suptilmẽtsi ia no era 	ꝑaciõs.¶La terça rao ꝑq̃ en tals potẽcias no han esser talsxirtuts.  es ꝑq̃ en ellas no son los habits uirtuosos.  Cor los habits son ꝑ determenar las potencias q̃ facẽ be e mal.  onꝑ los habits xiciosos es determenada la potencia a fer mal.  e ꝑ los habits xirtuosos a fer  be.Tõchs cõ natura sia determenada a en acte  e las potencias naturals sufficiẽtmẽt son determenadas ꝑ sa natura a  obrar:e segõs ellas no som xi'ciosos ne xirtuosos ꝑlãt  en la manera q̃ ꝑlã aci de xici e  xirtut.ꝑq̃ en ellas no podẽ esser tals xirtuts.  Per aq̃stas tres raõs ꝑ las quals es  prouat.q̃ las y̾tuts no potẽ esser enlas potencias  naturals:pot esser prouatq̃  no pot esser en la po¬tencia sensitiua.  La pͥmera rao  es:q̃ axicõ no som loats ni xituꝑsts ꝑlas potencias  naturals:aximateix no som loats nixituꝑats ꝑ los senys corporals.  Car axicõ algu no es loat cõ sa be  digestio:e creix 	chele uertu delle buone huopre  che noi ac¬quisciamo ꝑ  acchostumare a  choscumi del ben fare nõ sonno gia potençie delanima naturagli ne de .u. sensi delluomõ ¶La primiera ragione sie ꝑo cheꝑle uertu delle buone huopre/  esi de lodare luomo  quando egli la/. Ebiasimare¬quando egli a il contraro  Ma ꝑlo bene notrire. ne ꝑbene essare cresento. neꝑ ben uedere. ne ꝑ sentire. uermio nõ de essare principalimente ne biasimato ne¬ lodato.  se enoñe chosi  che ꝑ troppo bere  e/ ꝑ troppo mangiare 	¶Les autres poissances de la me sont dites poissances  qui desirrent.  Dont lune  si est nõmee uolente  qui est desir del entendem̃t ⁊ lautre est dite desir des.u. sens de lome.  ¶Et poons prouuer partrois raisdns  que les u̾tus des bones euures  que nons aqueronsꝑ acoustumance de bien fere. ne sunt pas es poissances de lamenature les. ne es .u. sens de l  home¶La p̾miere raison  si est. 	per si les potẽcies nacurals ꝑ aco no uariegen en les sues obres/ ans costep̃s segõs la mana aells possible o segõs  que elles poden fan les sues obres.  Encara entals potẽcies naturals no son los habits ols cõcebimẽs iurtuosos ne les uirtuts/.  QQuar los habirs ols concebimnens son ꝑ det̾menar les potẽçies q̃ façẽ be omal  ¶On ꝑlos habirs o per los concebimẽs uiciosos es det̾menada la potẽcia/ afer mal/ E per los habics o per los cõcebimẽs uirtuosos afer be donq̃s cõ nacura sia det̾menada a una cosa eles potẽcies nals sufficiẽtment sien det̾menades  per lur natura a obrar segons elłs nos no som uiciosos ne uirtuosos/ parlant en aq̃lla manȧ  que nos ꝑlam açi de uici e deuirtut ꝑral  donq̃s en elles no poden eẽr rals uirtuts ¶per aq̃stes .iii. rahonsdonq̃s ꝑ les quals es ꝓuat q̃ les uirtuts no poden esser en les potẽçies nals  pot esser puat q̃ elles no poden esser enla conexẽça sensitiua o en les potẽçies sensitiues/.  Quar axi cõ nos no sõ leats  ne uituperatsper les pocẽcies nals  e axi matex nos no som lohats ne uituꝑats  per los seỹals corpals/ Quar axi cõ negũ no es lohat otengũr ꝑ bon hõ ꝑ  co cõ ell fa be digestio  o crex be/. Aximatex no es lohar ꝑ 
ex eo quod acute videt,  vel subtiliter audit,  nisi forte hoc esset per accidens,  ut si quis ex superflua comestione, 	aussinest il pour ueoir cler ou pour ouyr subtillemẽt si dauanture 	qe nous auons moustre qelesutus des bounes :  eures ne sũt pas. es poisances del home natureles mesu. sens del home. 	por q̃ dee aguda mẽte/  o oye sotil mẽte/. saluo ende si por auẽt᷑a esto fuese  por algũ açidẽte  assi cõmo alguo 	ꝑaccident.axicõ si ꝑ maça meniar o beure hauia malaltia ḋ optalmia en los ulls perq̃noy rees  o aconse¬guia debilitat en lo uentrell 	be:axi no es loat cõ xeu agudamẽto ou suptilment  si ia no era per accident. 	egui abbi acꝗscatomalatie ꝑle 	car pourles u̾tuz des bones euures len 11 doit loer lome  quantil lesa. ⁊ blamer qnͣt ila le contraire. 	co cõ ell ueuagudament o hou subailmẽt si donq̃s ꝑ auẽtura aco no era ꝑ accident o accidentalmẽt axi cõ 
vel ex nimia potatione  incurrisset ophthalmiam oculorum,  ne bene videret,  vel debilitatem stomachi,  ne bene digereret:  increparetur ille,  non quia male digerit,  vel quia non clare videt,  quia clare videre,  et bene digerere  (per se loquendo)  non est in potestate hominis:  sed increparetur ex nimio potu,  vel ex superfluo cibo,  nam erat in potestate sua,  ut posset uti potu,  et cibo moderate.  Secundo in sensibus non est ponenda virtus moralis,  quia sicut potentiae naturales non obediunt rationi,  quia secundum regulam rationis nullus magis,  vel minus augetur,  vel magis, et minus digerit:  sic nec sensus obediunt rationi,  non enim est in potestate hominis videre clarius, vel minus clare:  quare si virtus moralis est aliquid secundum rationem,  huiusmodi virtus in sensibus poni non debet.  Tertio in talibus non est moralis virtus, 	ce mne seroit par accident.  comme si aucun par trop boire ou menger seroit cheuen maladie des yeulx ou en doleur de lestomac  par quoy il uerroit pascler ou digereroit mal  il seroit blasme non pas de mal Sigarz ou de neueoir pas tler.  car bien digerez ou ueoir clẽr nest pas en la puissance delomme.  mes de auoir trop beu ou menge.  car il estoit en sa puissance de user modarmnent de boirr et de menger. ¶  Cecondemẽt les uertuzne peust estre es sens corporelz.  car aussi que les puissances natureles ne obeissent pas a raison.  car ne peust croistre plus ne moins selon la reigle de raison ne plus ou moins digerez.  et aussi les sens corporelz ne obeissent pars a raison  car il nest pas en nostre puissance ueoir pluscler ou moins cler.  pour quoy si uertuz morale est aucune chose selon russ̃elle ne peust estre mise es sens corporelz. ¶  Tiercement es sens corporclz ne peust estre uertu morale. 	¶Nous dirons qeii. maineres d̾ uertus sunt les unes⁊qitendent prĩcipaum̃t aconoissanced̾ uerite.  Si come la scienec des natures ⁊ astrononue. ⁊ les autoͣs sciences.  ¶Les autres uertus sunt per quous feissons bounes euures.  lles acquirrons par acustumance d̾ bien faire. ⁊ sũt audsir d̾l home.  Si come iustice. atenprance force ⁊ d̾ bonerite ⁊les autres des q̃les nous dirons ci apres.  Et leirons les u̾tus qͥrendẽt prĩcipaum̃t aconoissance. d̾ uerite ⁊ dirons ⁊ des u̾tus per qinous faissons bouneᷤ euures.  Qar nous entendons prĩcipaum̃t par ceste science  q̃ nous soios bons.  Et dirons q̃ porce  qe le desir del home obeist araison  ciles uertud̾ bounes eiuires sũt chose selonc raison.  eles sũt el entenduñt d̾l homei endesir.  ¶Mes nous d̾uõs sauoir. q̃ d̾sir nest autre chose q̃ une enclinãce abiẽ auoir ou amal fair  qi uient d̾ce q̃ lome conoist biẽ ⁊ mal. ⁊ poͣrce q̃ li hons. a .ii. conoissances.  ¶Lune 	por much̃o comer/  o por much̃o beuer ouiesse tal enfermadat q̃ llamã otalmia  por q̃ ꝑdiesse la uusta de los oios q̃ nõ pudiesse biẽ ueer/ oꝑdiesse la útud dł estomago q̃  nõ pudiesse biẽ moler la uianda seria denostado nõ  por q̃ mal uiesse nĩ  por q̃ mal moliese/.  mas por q̃  por su mala cõstũbre ꝑdio la uista ⁊ la útud dł estomago  por q̃ comio much̃o ⁊ beuio much̃o/.  Ca en su pod̾to era de usar tẽprada mẽte dł comer ⁊ del beuer/  ¶La segũda razõ es  por q̃ las útudes morales  nõ deuẽ ser puestas en los pod̾ios senssibles/  por q̃ assi cõmo los pod̾ios nat᷑ales nõ obedesçẽ ala razon/.  Ca segũt regla de razõ nõ es dich̃o nĩguno q̃ cresçe  mas/o menos nĩ muele.  mas/o menos/.  Assi nĩ los sessos obedescẽ ala Razõ nĩ al entẽdimiẽto/.  Ca nõ es eñl pod̾io dł om̃e de ueer mas clara mẽte nĩ  menos/.Por la q̈l razõ  si las útuds̃morales son regladas segũt  razõ ellas nõ deuẽ ser puestas en los sesos¶ la t̾çera razõ  por q̃ las útudes morałs  nõ deuẽ ser puestas en los sesos es esta 	perque no faes be digestio.tal seria represno  perque fa mal  digestio,o perque no ueu  clar.Car ueure clar  e fer bedigestio propriamẽt parlant no es en poder del  home.mas seria rep̃s de maça beure o mẽiar ꝑque es en son poder tẽpradamẽt beure e  mẽiar.¶La segona rao perque en los senys no deu esser posada u̾tut mo¬rales  que axicom las potẽcias na¬turals no obeeixen ala raho:ne los senys tanpoch.  Car segons regla ḋraho algu no es crescut nĩ mes nĩ menys ne fa digestio mes  ni menys aximateix los senys no obeeixen a¬la rao. Car no es en poder del ho¬me ueure mes clar o menys.  Derq̃si uirtut moral es algũa cosa  segõsrao:no ḋu esser posada en los  senys¶La terça rao perque en los senys no deu esser posada uirtut moral¬es 	axĩcoz si per maçameniar o beure bauia malaltia de optalmia en los ells perq̃nox  xees o aconseguia debilitat en lo uentrell ꝑq̃ no faesbe digestio.  tal seria repres  no perque fa mal digestio  o perque uo xeu clar.  Car ueure clar  e fer be digestio  propriamẽt parlant no es en poder del bome.  mas seria repres de maça beure o mẽiar.  ꝑq̃ es en son podr tẽpradamẽt beure e  mẽiar¶La segona rao  perque enlos senys no deu esser posada xirtut moral es que aricom las potencias naturals no obeixẽala  rao:ne los senys tanpoch.  Car segons regla de rao algunoes crescut  ni mes ni menys.  ne fa digestio mes ni menrsaxĩmateix los senys no obeeixẽ a la rao.  Car no es en poder del home xeure mes clar o menys..  Perque si xirtut morales alguna cosa segons  rao:no deu esser posada en los senys.  ¶La terça rao perque en los senys no deu esser posada xir¬tut moral es 	quali tale uertu sonno impedite sopra loro huopre.  Donde in tali¬ potençie e nõ si de gia mettare le uirtu delle buone huoꝑe. ¶La seconda ragion sie  che le uertu delle buone huopre sonuo  chose sicondo ragione.  e debono essareuelle potençe dellamina  che ubidischino aragione.  Ma le potençe naturaglineli .v. sensi delluomo nõ ubidischono gia aragione.  ꝑo che chiaro uedere  o cha¬tiuo uedere noue gia principalmẽtẽ nella padesta deluomo. Ne bene essare cres¬scuito. nebene essare notato none gia nella podesta deluomo.  Imꝑo  che so luomoa mangiato.  e nõ unolegia essare notrito ne eresciuto. 	Mes pour bien norrir. ne pour bien estre a creune pour bien ueoir ne pour bien sẽtir.  nul ne doit estre pͥncipaument ne blame. ne loe.  Sil nest auis  que partrop boire. ⁊ trop mengier il a aquis maladie.  par coy teles u̾tuz sont empeeschiees en leur  euures¶Dont en celes poissances len nedoitpas metre les u̾tuz de bones enures.  ¶La seconde raison  si est  Car les utuz des bonnes euures sont chose selonc raison. ⁊ doiuẽt estre espoissances de lame  qui obeissent a raison.  ¶Mes les poissãces natureles. ne les .u. sens de la me nobeissent mie aiuison.  Car clerueoir. on mauuaisemẽt ueoir nest pas pͥncipaument en la poece del home  ¶Carse li hons a mengie⁊ ne uousist pas estre notri. 	si algu per massa mãgyar o per massa beure acõsegia malaltia de obralumia en los ulls per q̃ no uehes be o acõseguia debilirat en lescomach ꝑ  q̃ no fahes be digescio  aytal seria repͥs no ꝑral cõ ell fa mal digestio o ꝑ tal cõ ell noueu benclar  quar clar ueure  e fer be digestio ꝑsi  ꝑlant no es en so poder del honMas ell seria rep̾s de massabeure  o demassa mangyar ꝑ ço cõ seria en lo seu poder q̃  pogues usar tempradamẽt demãgyar o de beure ⁊  Encara en los seỹs no deu eẽr posada uirtut moral/.  Quar axi cõ les potẽcies nals no obehexẽ ala raho persocõ segõs laregla dela raho  negũ no es crescut ne ne mes ne meỹs ne fa digescio mes ne meys ¶Axumnateix les seỹs no obeheren ala raho/.  Quar no es en lopoder del hom ueure  pus clarament o meỹs claramentꝑ la q̈l cosa  si uirtur moral es alguna cosa segõs  rah̾o/ tal uirtut no deu eẽr posada enlos senys/  Encara les potẽcies sensitiues no deueẽr posada uirtut moral/. 
quia sicut potentiae naturales  sufficienter determinantur 	car aussi cõme les puissances naturelles sont souffisaumẽt determinees a leurs attions par leur nature. 	si est conoissance d̾lentẽdim̃t. 	Ca assi cõmo los pod̾ios nat᷑ales son cõplida mẽte det̾minados asusobras por nat᷑aleza. 	que axicom las potencias natu¬rals sufficientment son determena das 	que axicom las potencias naturals sufficient¬ment son determenadas 	si il nutrirano 	ni acreusi le norriroient ⁊ 	Quar axi cõ les potẽcies uals sufficientmẽt sõ detinenades 
ad actiones suas per suam naturam:  sic et sensus.  Nam sicut ignis tantum calefacit,  quantum potest calefacere,  propter quod, quia determinatus est in actione sua,  nec laudatur,  nec vituperatur,  nec est in eo virtus moralis:  sic quia potentia digestiua tantum digerit quantum potest digerere, 	aussi est le sens corporel.  car aussi comme le feu eschauffe  tant que il peulteschauffer  pource que il est determine en son action  il nest loue ne uitupere ne si na en luy nulle uertuz morale.  aussi car la puissancedigestiue digere  tant que elle peust digerez. 	¶Lautre si .ẽ. conoissãce. d̾ .u.  sẽs.Il.a. en soi .ii. d̾sir.  ¶Qar qñt lentẽduñt conoist aucũ biẽ ou aucũmal il d̾sire aporsiure le biẽ ⁊ a fuir le mal.⁊⁊ tel d̾sir on apelle uolũte.  Et qnͣt par le .u. sens q̃ il. a couoist aucũbiẽ singuler o aucũmal lome le d̾sire  et sencline aporsiure le biẽ. ⁊ fuir lemal ⁊ tel d̾sir on apele d̾sir d̾.u. sẽs d̾lome.  Et .ẽ. asauoir  qe lid̾sir qc li hons. a. per la per la conoissance d̾ ses sẽs. ẽ. duuisse en .ii. deũrs. 	Uiẽ assi los. seles et los pod̾ios senslibles lon det̾minados asus o.fo.libro..xuii.primero¶. delbras  por su nat᷑aleza/.  Ca assi cõmo el fuego tãto escaliẽta q̈nto puede escalentar por q̃ es der̾minado en la su ob̈  por esso nĩ es de loar nĩ de denostar  por q̃ escalienta nĩ es eñl útud moral/. Uiẽ  assi por q̃ el pod̾io de moler la uiãda tãto muele q̈nto puede/. 	per sa natura a las suas obras:  axi matex los  senys.E proues axi. Car axicõ lo foch tant escalfa q̃ntescalfar pot  per la qual cosa es de¬termenat en la sua operacio:  nõ es loat ni  uituperat.ne es en ell uirtut  moral:per lo semblant la potencia digestiua tant fa digestio quant di¬ gerir pot. 	per sa natura a las suas obras:  aximatex los senys.  e prouas axĩ.  Car axicom lo foch tant escalfa quant escalfar pot ꝑ  la qual cosa es determenat en la sua  operacio:non es loat ni xituperat ne es en ell uirtut moral  per lo semblant la potencia digestiua  tant fa digestio quant digerir pot:  e lull ueu tãt cõ ueure  pot:mas en ellas. no potesser xirtut moral.  Car per la xirtut moral es determenada la potencia a obrar.  mas aquestas sufficientment son deter¬menadas a sas obras proprias  per sa natura. 	e a ccres¬ screranmo le uirtu  che sono in lui.  Donche in questa potença/ enõ si de gia mes¬tere le uirtu delle buone huopre.  ¶La Terca ragione sie ꝑo	a croistroient lesu̾tuz qͥ en lui sunt.  Dont en ces poissances len ne doit pas metreles u̾tus de bones euutes.  ¶La tierce tuison  si est quar les poissance ᷤᷤnatureles. ⁊ les.u. sens del home sont encline souffis aument parleui nature a faite leur enures. 	ꝑ la sua natura ales sues obres/ aximateix los seỹs/ Car axi cõ lo foch rant escalfa quãt escalfarpot ꝑla  q̈l  cosa ell es det̾menat enla sua obra  ne es lohat ne uituperat  ne es en ell uirtut moral Arimatexꝑtal cõ lapocẽcia digestuia aytant fa digescio quãt digerir 
et oculus tantum videt  quantum potest videre,  in eis virtus moralis esse non potest.  Nam per virtutem moralem determinatur potentia ad agendum:  haec autem sufficienter determinantur  ad actiones proprias per naturam:  non ergo indigent virtute morali. 	et lucil uoit tant que il peust ueoir en ces choses nest point uertuz morale la puissance est determinee a bien faire.  mais ces choses sont souffisaumẽt determinees par nature a faire leurs propres actions  dont nont il mestier de uertuz morale 	Qar tout ausi come nous ueons q̃ nature doune.ii. poissan ces afeu sicõme chaleui. ⁊ legirece le feu puisse aler en son proprie leu naturel qi.ẽ. lasus u̾s la lune. ⁊per iar chaleur. qil .a. il peust cõtrester as ⁊chouse q̃ poissent enpesch son d̾lit ⁊en son propric leu naturel ⁊ ensi estil d̾ autres elemẽs.  ¶Tout ausi d̾ũoᷤ nous dire qil.ẽ. en nature d̾ beste.  ⁊¶Qar pius q̃ nature d̾ beste. ẽ plus ⁊franche ⁊ plus noble q̃ nature d̾ lenĩez.  Et nature donna as alamenz .ii. poissances.  porce q̃ par lune les homes autres bestes peussẽt tendre achose ꝯuenable ⁊ auoir leur poopre  d̾lit¶Et celle poissãce si .ẽ. appellee desir d̾ biẽ d̾litable. 	Et el oio tanto uee q̈nto puede ueer enlłos  nõ son de poner las útudes morales/.  Ca si por la útud moral el pod̾io es det̾minado ꝑa obrar/.  Et estos pod̾ios nat᷑ales ⁊ senssibles son det̾minadoᷤᷤpor su nat᷑aleza asus ob̈s  por ende nõ ha mester nĩguã útud moral q̃ las det̾mine por sus ob̈s/. 	E lull yeu tant com ueu- re  pot:mas en ellas no pot esser uirtut moral.  Car per la uirtut morales determenada la potẽcia a obrar  mas aquestas sufficientmẽt son de¬termenadas a sas obras proprias  per sa  natura.perque ellas no han necessari uirtut moral.  Donchs en las potencias naturals:  ne en los senys no es uirtut  moral.E cõsens las potencias naturals 	ꝑque ellas no han necessari xirtut moral.  Donchs en las potencias natu¬rals  ne en los senys no es xirtut moral.  E com sens las potencias naturals  e los senys corporals nosien  sino lẽtenimẽte lo appetit intellectiu:es necessari  que en tals potencias siẽ las uirtuts morals.  ¶Per declaracio de aquest capitol  e d̃ aquesta segona part es necessari fer una diuisio de anima axi general:  que comprenga totas las potencias de  aquella.Perque deu esser notar:  que segons lo philosoph en lo segon de anima en lo principianima  es acte substancial del cors phisich organizat hauentxida en potencia.  Primo diu  que anima es  acte.e aço adifferencia dela materia prima.  la qual es en pura  potencia.segons es daclarat en xna glosa  qui comença tostemps la forma:  en la primera part de aquest libre capitol.xi.  Diu acte substancial a bifferencia del accidental.  que es blancor ne¬gror roior xerdor  e tota color  e tals semblants qualitats.  Car la anima se diu acte substãcial  perque dona esser ala cosa  animada.comla substancia que ha de cascuna cosa:  sia loseu  esser.E no es ari dels accitents :  q̃ bloncor negor elos altres no son dela essencia  delhome.car sens ells porĩa esser Apres diu del cors phisich  a differencia dels corsos artificials.  Car cors phisich es fet per natura.  lo qual se diu cors natural com sia mna cosa cors natural c phisich.  E lo artificiales set per mans de homens.  E clara cosa es  que la anima no dona esser al cors artificial segons xeem sino al natural.  E perços diu:  que es acte del cors phisich.  Diu mes organizat a differencia dels corsos inorganizats.  Car cors organizat es aquell qui te parts o instruments diuersos  per feroperacions diuersas.  axicom lome  qui ab los peus fa altra o peracio  que ab las mans e orellas altre  que ab los ells e axi dels altres membres.  E no es axi õls corsos inorganizats  com son pedres metalls e daltres.  Car aquests no fan sino ⁊na operacio.  com es anar a son  centre.e fa ho la fretura  que han de orguens  per afer diuersas operacions.  E perço no tenen  anima:perque no han los instrumẽts aptes  per exercitar las proprietats de ella  e stant en ells seria ociosa.  lo q̃seria contra sa natura.  com natura no saça res ocios  segonsdiu lo philosoph enlo primer de celo.  Finalment diu hauetuida en potencia.  car duas maneras hauem de xida: çoes en acte. e en potencia.  Sida en acte es las operacions.  que fan las cosas uiuents.  com es engenrar parlar crexer.  e xinuer¬salment totas las operacions  que lo cors animat fa axi interiors com exteriors.  duida en potencia es dita la anima:  ꝑq̃pot fer las operacions 	che le potençe naturagli  e li .v. sensi delluomo sono iuchinati sofficentemente ꝑloro natura affare loro huopere. Ne per loro nor nõ siano ne buoni ne maluagi. Maleuirtu delle buone huopre inchimano le potencie delauima  done elle sono abenefare  e li uitii le inchinano al mal fare .	Nepar eles nous ne somes ne bons ne maunes.  Mes les u̾tus des bones euures enclinent les poissãceᷤᷤ de lame  ou eles sont a bien faire ⁊ les uices les enclinent a mal 	pot el ull tant ueu quãt pot ueure en elles no pot eẽr uirtut  moral/  Quar per la uirtut moral es dec̾iuenada la pocẽcia afer aobuir  mas aq̃stes  suffi/cientinẽt son dec̾menades ales obres ꝓpͥes  per lur natura/.  Donq̃s elles no hau ops uircut moral¶ 
					que dit hauem. 			
Si ergo nec in potentiis naturalibus,  nec in sensibus est virtus moralis, 	et puis que uertuz morale ne peust estre es puissances natureles ne sensitiues. 	¶Et par lautre poissãce il poissent cõtrester  qi son d̾lit poissent enpescher. ⁊ 	Pues q̃ assi es  si las útudõ morales nõ son en los pod̾ios nat᷑ales nĩ en los sesos nat᷑ales/. 	e los senys corporalsno sien sino lent enimente lo appetit  intellectiu:es necessarique en tals potencias sien las uir¬tuts morals.  ¶Per declaracio de aquest capitol e de aq̃sta segona ꝑt 	E si es dit  per algunque acte e potencia lon cosas  distinctas.e q̃ ꝑ conseguent  si la anima es potencia  no pot esser acte del cors. 		fere¶Dont les u̾tuz des bones enu̾s ne douient pas estre espoissãces de lome naturele. ni es .u. sens delome. 	Si donq̃s en les potẽcies nals ne enles sensitiues no es uirtut moral cõ 
					la qual cosa es falsa 			
					segons diu lo philosoph en la diffinicio de anima. 			
					E per solucio de aquesta repugnancia dien 			
cum praeter potentias naturales,  et sensus non sit nisi intellectus,  et appetitus intellectiuus, et sensitiuus,  oportet esse in talibus virtutes morales.	et en lame na autres puissances  fors que lentendemẽt et lapetit intellectuel et sensuel.  Il cõuient  que en ces trois soient les uertuz morales.	celle poissance on apelle d̾sir. d̾ cõtrester. ace q̃ son ꝓpredelit peust enpeschier.  ¶Dont nous poons dire q̃ des u̾tu d̾ bounes ⁊euures. sagece. si.ẽ. en leutendimẽt. Iustice. ẽ en la uolũte.  ¶Force d̾ corage.ẽ. aud̾sir d̾ ꝯtrester  ace q̃enpeschele propre d̾lit d̾ lome.  ¶Atẽplancesi .ẽ. au d̾sir. dauoir d̾lit:	Cõmo sin estos poderios nat᷑ales ⁊ sesos nat᷑ales nõ aya eñl om̃e otͦ poderio  si nõ el entẽdimiento ⁊ el apetito intellectiuo q̃ es la uolũtad  Et el appetito sensetiuo q̃ sigue al seso cõuiene  por fue̾ça q̃ en estos tales sean puestas las útudes morales/ gũdo capło cõmo se departẽ las útu	es necessari fer una diuisio de aĩa axi  general:q̃ cõt prenga totas las potẽcias de aq̃lla  Derque deu esser  notat:q̃ segons lo philosoph en lo segon de aĩa en lo p̾ncipi:  ⁊nima es acte substancial del cors phisich organizat hauẽt uida en potẽcia.  ¶Primo diu  que a- nima es  acte.e aco a differẽcia de¬ la materia  prima:la qual es en pu¬ra potenciasegons  es declarat en una glosa  qui comença Tostẽps la forma  .En la primera part de aq̃st libre  capitol.xi. Diu acte substanciala differẽcia del  accidental:q̃ es blã¬cor  negror,roior,uerdor:e tota co¬lor e tals semblants qualitats.  Carla anima se diu acte substãcial  per¬q̃ dona esser ala cosa animada.  coz la substancia q̃ ha de cascuna cosa:  sia lo seu esser.  E no es axi dels accidents  q̃ blancor negror  e los altres no son dela essencia del home.  Carsens ells poria esser ¶Apres diu del cors phisich a differencia dels cor¬sos artificials.  Car cors phisich esfet ꝑ natura.  lo qual se diu cors na¬ tut al coz sia una cosa cors natural e phisich. E lo artificial es fet permans de  homẽs.E clara cosa es q̃la  aĩa no dona esser al cors artifici¬al segons ueem sino al natural.  E ꝑços  diu:q̃ es acte del cors phisich. ¶Diu mes organizat a differencia dels corsos inorganizats.  Car corsorganizat es aquellqui te parts o instruments diuersos  ꝑ fer operacions  diuersas.axicoz lome q̇  ab los peus fa altra oꝑacio q̃ ab las mãs¬e orellas altre  que ab los  ulls:e axi dels altres mẽbres  E no es axi delscorsos inorganizats cõson pedres metalls e daltres.  Car aq̃sts no fansino una oꝑacio.com es anar a son  cẽtre.e fa ho la freturaq̃ han de or¬guens  per a fer diuersas operaciõs  E perço no tenen anima:  perq̃ no hã los instrumẽts aptes ꝑ exercitar las proprietats de ella estãt en ellsseria  ociosa:lo que seria cõtra sa  natura.com natura no faça res ociossegons diu lo philosoph en lo p̾mer de  celo.¶ ginalment diu hauẽt ui¬da en  potencia.car duas maneras hauez de  uida.ço es en acte e en  potencia.Uida en acte es las opera¬cions,  que fan las cosas  uiuẽts.cozes engenrar parlar  crexer,e xniuer¬salment totas las operacions q̃ locors animat fa axi interiors  comexteriors.Uida en potẽcia es dita la  anima:perque pot fer las opera¬cions  que dit hauez.  E si es dit  per algun que acte e potẽcia son cosas  distinctas.e que per conseguẽt  si la anima es potẽcia  no pot esser acte del  cors.la qual cosa es falsa  segõs diu lo philosoph enla diffinicio de anima.  E per solucio de aquesta re¬pugnãcia dien  que anima es acte e potencia en diuersos esguarts.  car hauẽt esguart al cors es acte segõs dit hauem.  mas hauẽt esguart a las operacions de rida  que fa es  potẽ¬cia.perque no es inconuenient una matexa cosa esser acte  e potẽcia en diuersos  esguarts.¶Diffinit  que es anima uenint ala diuisio de aquella dien que anima se diuideix en tres  specias:çoes uegetatiua sensitiua' e intellectiua.  La uegetatiua es a¬quella  que es en las plantas las potencias dela qual son nutritiua.au¬gmẽtatiua.generatiua.  La nutriti¬ua conuerteix lo aliment en subsrancia del  cors.per la qual substãcia es lo cors cõseruat en uida La augmẽtatiua dona creximent al cors este¬nent lo aliment  per totas las parts del cors. La generatiua engẽra al'tre  cors.e aquesta te quatre poten¬cias.coes  attractina.retentiua.di'gestiua.expulsiua La attractiua esper attraure la substãcia del alimẽt  La retentiua  per a retenir aquella substãcia  desque es treta. La dige¬stiua digereix aquella  substancia.ço es ab la unitiua  e disponent la pera poder se cõuertir en lo cors q̃ en¬gẽra  La expulsiua es ꝑ a lançar las super fluitats q̃ nos poden cõuertir en substãcia del  cors.¶Dela animasensitiua q̃ es en los animals q̃sen¬ten  quant son tocats:  son duas po¬ tencias principals.  ço es apprensi¬ua e motiua.  La aprensiua se diui¬ deix en duas  specias.ço es en exte¬riore  interior.La apprensiua exterior te cinch  potẽcias.ço es uisiua¬auditiua odoratiua gustatiua/e tacctatiua  .las quals se dien los cinchsenys  corporals.La apprensiua interior te altres cinch specias. ço esseny comu,  imaginatiua extimati-ua fãtasia e memoria.  las quals sedien los cinch senys interiors.  E a¬questas son en lo ceruell del animallo  qual es diuisit en tres parts. co es primera segona derrera.  La primeraes en lo front.  La segona en mig del cap.  La derrera en lo toc.  EEn la p̾mera se aiustan los.u.niruis dels.u.senys exteriors. ꝑlos qualsniruis uan las specias apresas ꝑlos senys exteriors fins al seny comu:  qui sta alli hon se aiustã los niruis.  ab tot q̃ plato diga q̃ lo seny comusta en lo  cor.pero la opinio del captenen los  mes.e ꝑço diu seny comuꝑque reb totas las specias.  E aq̃sta potẽcia de seny comu es calda e se¬ca.  e perço facilmẽt reb las specias axicõ la cera calẽta q̃ reb millor la  emprempta:q̃ com es freda.  En la segona part del ceruell stã duas  po¬tencias.ço es ymaginatiua  la qual sta en lo principi dela segona part cõiuncta ab lo seny  comu:e estima¬tiua q̃sta en la fi de aquesta segona part.  n la derrera part del ceruell son duas potẽcias.  co es fantasia e memoria.fantasia en lo principi e memoria en la fi.  La part dela memoria es pegalosa  freda.e per çosiaturan tant las specias.  E la causa ꝑque uns homẽs tenen mes recort q̃  altres:es ꝑque tenen aq̃sta potencia mes pegalosa.  La potẽcia mo¬tiua se diuideix en duas potẽcias. ço es appetitiua  e executiua La appetitiua mou lo animal  a desiiar lo q̃ uol.  E aq̃sta te duas potẽcias.  ço es cõcupiscibla e  irascibla.La con¬cupiscibla nos mou a ꝓseguir lo ob¬iecte ꝑ  quel posseiscam  quant es lo obiecte concorde ablo  appetit.La irascibla nos mou a resistir al obie¬cte mal destroint lo o fugint  li.La executiua es una potencia,  quins fa exercir lo mouimẽtq̃ ha fet en  nos¬altres.La appetitiua ꝑ rao dela cõcupiscibla o  irascibla.e aq̃sta te tres potencias.  ço es natural uital e animal.  La potẽcia natural es  aq̃lla:q̃esten lo sperit natural ꝓceint dl corꝑtotas las uenas del cors nodrintlo e faent lo uiure.  Car segons con¬sta en lo libre de differẽcia de sperit e  aĩa:sperit es un uapor suptil pro¬ceint del cor estenent se ꝑtotas las uenas del cors.  E ab tot largamẽt prenem sperit ꝑ tota cosa no corporea  ço es angel anima  dyable:pero propriament parlant sperit es lo q̃hauem diffinit.  Mas lo sperit santes un ligament de amor ꝓceint del pare e del fill  ensemps.e perço aq̃st sperit se diu la ter ça ꝑsona en trini-tat  segõs lo mestre largamẽt tracta en lo primer delas sentẽcias distin¬ctio.xxxii.  E aquest sperit no es la aĩa sino una uapor q̃ ix dela sanch q̃sta entorn del cor.  La potẽcia uital es aquella  que mou los polcos  e tãbe porta aquest sperit ꝑ las uenas:  uiuificant lo cors.  La potẽcia ani-mal es aq̃lla q̃ mou tot lo cors.  aço fahent puiar aq̃stsperit fins al  cer¬uell.e fal estendre per tots los  nir¬uis.E si en los paralitichs e a folalats alguns membres no podẽ exercir sa  operacio:es ꝑque en lo niruide aquell membre fall aquest speritempat xat ꝑ  qualque causa de indisposicio de aquell nirui.¶La aĩa intellectiua te duas potencias.  çoes cognitiua e uolitiua.  La cognitiuate quatre pot ẽcias entenimẽt agẽtentenimẽt passible enteniment speculat iu entenimẽt  pratich.e totas aq̃stas quatre potẽcias serueixen ꝑal acte del entendre. ¶Lo entenimẽt agẽt illumina la similitut de las cosas  per poder las appendre.  Lentenimẽt passible es  que entraper los senys  e ꝑco es cõparat al sol  que axicom nosaltres ꝑ dispost  que tengam lull no poriam res ueure  sino miian cãt la  lum:axi lentenimẽtpassible no poria entẽdre las cosas  sens la illuminacio del enteniment agẽt  Entenimẽt passible se diu lo q̃reb  en si las similituts tramesas  per los senys  e illuminades per lenteniment agent.  E diu se passible  per q̃reblas similituts.  Car rebre o esser impressa alguna cosa en altra:  essofferir.e sofferir es passio.  ¶Enteniment speculatiu es lo mateix passible.  E diu se  speculatiu:perq̃ enten aquella specia en ell impressa.  E es enses passible  e speculatiu pero en diuersos esguarts.  Car es passible en quãt reb las specias  e speculatiuen quãt las  entẽ.¶Entenimẽt pra¬tich es lo mateix speculatiu.  E diuse pratich perq̃ enten la differencia delas cosas entenẽt com son diuersas las unas delas  altras.E mes se diu pratich perq̃  la fi sua es obrar eno sols ent ẽdre.  E perço diu lo phi¬losoph en lo terc de aĩa quel enteni mẽt pratich differeix del speculatiuen la fi.  Car la fi del speculatiu es  entendre:e la del pratich obrar:  E lo discernir q̃ lenteniment pratichfa en los cosas es ꝓpriamẽt  discre¬cĩo.ab tot uulgarment no dien dis¬crets  sino los q̃ en lo tal discernir p̃¬  nen la bona part.  Car lespeculatiu solamẽt enten ses fer differencia ḋynas a las altres sino que es home pedra  e fust cascu ensi.  E aq̃sta ma¬nera dentendre diẽ los doctors no¬ticia  p̃scisiua.ço es en si sens mes allargarse.  mas lo pratich segons dites enten la diuersitat delas  cosas.Ea aq̃sta manera dentẽdre diẽ los doctors noticia diuisiua  ꝑq̃ diuideixunas cosas daltres.  E alguns a aq̃lla noticia dien praxis.  lo qual uocable es greche uol dir noticia pra¬ctica.  Mas lo contrari diu lo Scot  en lo p̾mer delas sentẽcias enlo ꝓ¬lech diẽt  que cõ peccat sia en lacte dela noticia practica:  seguir sia q̃sols ꝑentẽdre q̃ es luxuria o suꝑbia o altres peccats peccariẽ.  la q̃l co¬sa es falsa  e cõtra determinacio de tots los sancts  doctors.Car lo peccar sta en los actes pratichs dela uolũtat e no del entenimẽt.  E aq̃stentenimẽt pratich te tres potẽciasçoes sinderesis rao e cõsciẽcia.  Sin deresis es una potenciaq̃ iutia q̃ al¬gun mal nos deu fer La rao es una potẽcia q̃ discernint entre be e mal coneix cascu.  cõscĩa es una potẽcia q̃ ordena q̃ aq̃st o aq̃ll mal en quãt son  particulars:nos deu fer.  Car la sinderesis solamẽt diu en uniuersal q̃ mal nos deu fer.La potẽcia uolutiua se diuideix en duas potenciasço es uolũtat e frãch arbitre  La yolũtat es una  potẽcia,q̃ uol les cosesq̃lentenimẽt conex esser bonas.  cõ ella no uulla mal sino  ꝑaccidẽt.axicõ uolẽt lacte ḋ luxuria  o daltre peccat ꝑ la delectacio q̃ es en aq̃ll acte  e perque lo peccat es inseparable daquella delectacio uolent la  delecatacio:uolen per accident lo peccat  E aquesta potencia te dos actes. ço: es elicit,e imperat.  Acte elicites lo elegir  que la uoluntat fa.  E lo imperat es la execucio del acte illicit.  Frãch arbitre es la mateixa uo¬lũtat  e diu se frãch arbitre en quãtpot uoler e no uoler.  Uoluntat en quant uol o no  uol.E aquestas tres animas segons lo philosoph:  en lo segon de anima son axi partidas q̃la uegetatiua es en los arbres solasens las altres.  E en los animals irracionals es la sensitiua ab la uegetatiua  sens la intellectiua dient q̃ axicom lo triangle es en lo  quadrãgle:axi la uegetatiua es dins la sen¬sitiua.  Car totas las potencias  que han las plantas :han las bestias. 	que anima es ac te  e potencia en diuersos esguarts.  Car hauent esquart al corses acte segons dit hauem.  mas hauent esguart a las opera¬cions de xida  que fa es  potencia.perque no es inconueniẽtaua matcra cose Eiet ucit ⁊ poiencia cu duetios dcutto.  ¶ Diffinit  que es aĩa xenint a la diuisio d̃ aquella dien,  que cĩa se dĩuideix en tres specias.  co es xegetatiuasensitiua.  e intellectiua.  La xegetatiua es aquella:  que es en las plãtas las potencias dela qual son nutritiua: augmentatiua. gencratiua.  La nutritiua conuerteix lo aliment en substancia del  cors.per la qual substancia es lo cors conseruat en xida.  La augmentatiua dona creximent al cors estenent lo aliment ꝑ totas las parts del cors.  La generatiua engenra altre cors.  e aquesta te quatre potencias.  ço es at tractiua retentiua dĩgestiua expulsiua.  La attractiua es per attraure la substãcia del aliment. La retentiua ꝑ a retenir aquella substancia  desque es treta.  La dĩgestiua digereix aquella substancia.  co es ab la xnitiua  e disponent la per a poder se conuertir en locors que engenra.  La expulsiua es  per a lançar las superfluitats  que nos poden conuertir en substantia del  cors.¶ De la aia sensitiua q̃ es en los aĩals q̃senten quãt son  tocats:son duas potẽcias  principals.ço es apprensiua:  e motiua.  La aprensiua se diuideix en quas  specias.ço es en  exterior:e intetior.  La apprensiua exterior te sinch  potencias.ço es xisiua auditiua odoratiua gustatiuae tactatiua.  las quals se diẽlos cinch senys corporals.  La apprensiua interior te altres cinch  specias.ço es senx comu imaginatiua extimatiua. fãtasia e memoria.  las quals se dien los cinch senys interiorsE aquestas son en lo ceruell del aĩal.  lo qual es diuisit en trsꝑa  rts.ço es pͥmera segona derrera.  La pͥmera es en lo frõt.  la segonaen mig del cap. la derrera en lo toç.  En la p̾mera se aiustan los.x. niruis ḋls.xsenys extiors.  ꝑ los quals niruis uã las sp̃as apresas ꝑ los senys ext̃iors fis al senz comuqui sta alli on se aiustã los  niruis.ab tot q̃ Plato dtiga q̃ losenx comusta en lo  cor.ꝑo la opinio del cap tenen los mes.  E ꝑcos diu senx comu ꝑq̃ reb totas las specias.  E aq̃sta potẽcia dsey comu es calda e seca.  e ꝑço facilmẽt reb las sp̃asoreo lis ctria  cãete sꝯ reomule⁊ la cupants  q cos co licos En la segona part del ceruell stan duas  potencias.ço es y¬maginatiua la qual sta en lo principi dela segona part con¬iuncta ab lo senx comu  e estimatiua  que sta en la fi de aq̃stasegona part.  En la derrera part del ceruell son duas poten¬cias.  ço es fantasia e memoria.  fantasia en lo principi  e me¬moria enla  si.La part dela memoria es pegalosa  freda.e ꝑ¬ço si aturan tant las specias.  E la causa perque xnis homẽstenen mes recort que altres:  es perque tenen aquesta potencia mes  pegalosa.. La potencia motiua se diuideix en dnas  potencias.ço es appetitiua e executiua.  La appetitiua moulo aĩal a desiiar lo qne xol.  E aquesta te duas  potencias.co es concupiscibla e irascibla.  La cõcupiscibla nos mou a proseguir lo obiecte  per quel posseiscam,  quant es lo obiecte cõcorde ab lo appetit.  La irascibla nos mou a resistir al obiec¬te  mal destroint lo o fugint li. La exequutiua es xna poten¬cia,  quins sa exercir lo mouiment:  que ha fet en nosaltres.  la appetitiua per rao dela concupiscibla o irascibla.  E aquestate tres potencias.  ço es natural xital e aĩal.  La potencia natural es aquella  que esten lo sperit natur  al proceint del corper totas las xenas del cors nodrint lo  e faent lo xiure.  Carsegons consta en lo libre de differencia de sperit e aĩa :  sperites un xapor suꝑtil proceint del cor estenent se per totas las xenas del cors.  E ab tot largament prenemsperit ꝑer tota cosa no corpores ço es angel aĩa dyable:  pero propriament parlant sperit es  lo que hauem diffinit.  Mas lo sperit santes en ligament de amor proceint del pare e del fill ensems.  E perço aquest sperit se diu la terça persona en  trinitat.se'gons lo mestre lar gament tracta  en lo primer delas senten¬cias distinccio trentasisena.  E aquest sperit no es la anima sino ena xapor  que ix dela sanch  que sta entorn del cor.  ¶La potencia xital es aquella  que mou los polços.  e tanbe porta aquest sperit per las uenas xiuificant lo  cors.La po¬tecia animal es aquella  qui mou tot lo cors.  aço fa faent puĩar aquest sperit fins al  ceruell.e fal estendre per tots los mĩruis. E si en los paraliticbs e afollats alsguns membres no poden exercir sa  operacio:es ꝑq̃ en lo nirui de aquell mẽbre fall aquest sperit emꝑatxat ꝑ  qualque causa de indisposicio de aquell  nirui.¶La aĩa intellectiua te duas potencias.  ço es cognitiua e  xolitiua.La cognitiua te quatre ꝑotẽcias enteniment agent,  enteniment passible enteniment speculatiu,  enteniment pratich.  E totas aquestas quatre potenci¬as serucixen ꝑ al acte del  entendre.¶ Lo enteniment agentillumina la similitut delas cosas  ꝑ poder las appendre.  Lẽteniment passible es que entra per los senys:  e ꝑço es cõꝑatal sol. que axicoz nosaltres ꝑ dispost  que tengam lull no poriam res xeure sino miiançant la lum:  axi lenteniment passible  no poria entendre las cosas  sens la illuminacio del ente¬ niment agent.  Enteniment passible se diu lo qͥ reb  en si las similituts tramesas ꝑ los senys  e illuminades ꝑ lentenimentagent.  E diu se passible ꝑq̃ reb las similituts. Car rebre o esser inpressa alguna cosa en  altra:es sofferir.  e sofferir. es  passio.Entenimẽt speculatiu es lo mateix passible:  E diuse speculat  iuiperq̃ enten aquella specia en ell inpressa.  E es ensespassible e speculatiu pero en diuersos sguarts.  Car es passi¬ble en quant reb las specias  e speculatiu en quant las entẽ¶  Enteniment pratich es lo mateix speculatiu.  E diuse pratich ꝑque enten la differencia delas cosas:  entenent com son diuersas las xnas delas altras.  E mes se diu pratich ꝑq̃ la fisua es obrar  e no sols  entendre.E ꝑço diu lo philosophenlo terc de ãa  quel enteniment pratich differeix del speculatiuen la fi.  Car la fi del speculatiu es entendre  e la del pratichobrar.  E lo discernir  que lentenimẽt pratichfa en las cosas es propriament discrecio.  ab tot xulgarmẽt no diẽ discretssino  los que en lo tal discernir prenẽ la bona part.  Car lespeculatiu solamẽt entẽses fer differẽcia d̃ xnas a las altrs sinoq̃ es bor peaia  e sust coscu  eni.e easta moirs de test oie los doctors noticia prescisiua.  ço es en si  sens mes allargar se  mas lo pratich segons dit es enten la diuersitat delas cosas.  e a aquesta manera dentendre dien los doctors noticia diuisiua.  perq̃ diuideix unas cosas daltres.  E alsguns a aq̃lla noticia dien praxis. lo qual xocable es grech.  e xol dir noticia pratica.  Mas lo cõtrari diu lo Scot en lo pͥmer ḋlas sentencias en lo prolech dient,  q̃ cõ peccat sia en lacte dela noticia  pratica:seguir sia que sols per entendre  que es luxuria o suparbia o altres peccats peccariem.  la qual cosa es falsa  e contra determinacio de tots los sants doctors. Car lo peccar sta  en los actes praticbs dela xolũtat e nodel entenimẽt  E aq̃st entenimẽt pratich te tres potẽcias. ço es sinderelisrao e consciẽcia.  Sinderesis es una potencia que iutia q̃ al¬gun mal nos deu fer.  La rao es xna potẽcia  que discemint entre be  e mal coneix cascu.  Cõscĩa es xna potẽcia q̃ orḋna q̃aq̃st o aq̃ll mal en quãt son  particulars:nos deufer.  Car lasinderesis solamẽt diu en  xniuersal.q̃ mal nos den  fer.¶La potecia uolutiua se diuideix en quas potencias.  ço es xolũtat  e franch arbitre. La xoluntat es ⁊na potencia.  que xolles coses q̃ lẽtenimẽt conex esser bonas.  cõ ella no xulla mal sino per accident.  axicõ xolẽt lacte ḋ luxuria  o daltre peccatꝑ la delectacio q̃ es en aq̃ll acte  e ꝑq̃ lo peccat es ĩseꝑable de aq̃lla delectacio uolẽt la  delectacio:xolẽ ꝑ accitẽt lo peccat  E aq̃sta potẽcia te dos  actes.ço es elicit, e ĩꝑat.Acte elicites lo elegirq̃ la uolũtat fa.  E lo ĩꝑat es la exequucio del acte illicit.  Frãch arbitre es la mateixa xolũtat.  E diu se frãcbarbitre en quant pot uoler e no  uoler.uolũtat en quant xolo no uol.  E aq̃stas trs aĩas segõs lo ꝑhõpb en lo .ii.ḋ aĩa sõaxi ꝑtidas q̃ la uegetatiua es enlos orbr̃s sola ses las altrs E en los animals irracionals es la sensitiua 	Donde le irtu delle buone huopere nõ debbono gia essare nelle potençie delluomini naturgli. segli anno inchimatisofficentemente affare loro huopare.	qui par leur nature sunt ẽcline souffisaument a faire leur euures	sẽs les potẽcies nãls els seỹs corꝑals  no sien sino lentenimẽt el appetiment o la uolũtat intellectual/ coue en tals potẽcies sien les uirtuts morals:
