0	avoir trové	queria fallar muy de grado|e luego le conto todo	0|1
1	Si li conte tote s aventure issi com vos avés oi dire ça arrieres	como le auia conel contesçido|asi como el cuento lo a deuisado	2|3
2	tant qu il conoist bien	e luego entendio boores	4
3	que c est il qu ele quiert a	que ael andaua ella buscando	5
4	Mais por le coros de la mort al seneschal ne se volt fere conoistre ains li respont Certes damoisele chevalier	mas porel pesar dela muerte del senescal no se quiso fazer conosçer antele rrespondio çierto donçella al cauallero	6
5|6	qui porte escu blanc ne conois je nul|— En non Dieu sire fet ele ce poise moi chierement	que traia blancas armas no conozco yo Pardios dixo la donçella mucho me Pesa caramjente	7
7	Et il n en tient plus a li parole ains part	e boores non quiso conella|mas estar	8|9
8	si tost com il l ot commandee a Dieu a	e acomendo la a dios|e fuese	10|11
9	et chevalche en tel maniere jusqu a tierce tant qu il vint a l issue de la forest;	e andubo tanto|que salio dela floresta	12|13
10	et il torne a destre vers un chemin viés	e dexo el camino|e tomo a mano derecha vn camino pequeño	14|15
11	et ancien;	e biejo lleno de yerba|e non andubo mucho	16|17
12	si ne demora gueres qu il vint a une eve P lee	porque llego a vn valle|Por do corria vn agua muy negra	18|19
13	et parfonde	e fea|e fonda	20|21
14	mais il n i trueve pont ne gué ne passage nul	e non fallo puente|por do Pudiese pasar	22|23
15	Et il regarde d autre part de l eve	e cato dela otra parte Del agua	24
16|17	si voit I|petit chastel molt bien seant clos de mur bateillié tot entor a la roonde	e vio vn castillo muy bien asentado çercado de muy buen muro todo enderredor	25
18	ll regarde grant piece le chastel	e el cato gran pieça el castillo	26
19	dont la façons li plest molt a regarder	ca mucho se pagaua delo catar	27
20	puis s en torne contreval la riviere	e despues torno la rribera ayuso	28
21	por savoir s il i peust trover ne pont ne gué	Por saber|si podria fallar puente	29|30
		Por do pasase	31
22	mais il n en trueve point	mas el no pudo fallar ninguna	32
23|24	et quant il voit qu il n i passera|si ne set	e boores desque esto vido no sabia	33
25	que fere	que se façer	34
26	que retorner ne voldroit il mie	ca el no se queria tomar en ninguna manera	35
27|28	|qui ert tote nue en sa chemise	Ansi estando vio del castillo salir vna donçella en camisa	36
29	si le menoient troi vilain molt vilainement a	que traian quatro rribaldos muy sañudamente	37
30	et tenoit chescuns une hache en sa main;	e cadavno traia enla mano vna lança	38
31|32	et ele crioit quanque ele pooit crier|por els	e ella daua vozes	39
33	qui li faisoient tel honte		
34	et tel laidure qu il la venoient batant tot contreval la riviere	quanto podia dar|e ellos la lleuaron muy desonrrada mente contra la rribera porla yr ha echar	40|41
35	Et quant la damoisele vit le chevalier de l autre part de ! l eve	e quando la donçella vio a bores dela otra parte del agua començo a dar vozes	42
36	si commence a crier Ha gentilz chevaliers secorés ceste damoisele	e a deçir ay jentil cauallero acorred a esta donçella	43
37	que cist ribaut vuelent ocirre	que estos Ribaldos me quieren	44
38	Ha frans hom ne m i laissiés morir se vos onques eustes pitié de nule gentil damoisele	ansi matar ay buen cauallero|si nunca oviste piedad de donçella auelda agora de mi	45|46
39	Quant Boors ot ce qu ele li prie	e no me dexedes	47
40	si pitousement qu'il la secore	asi morir|Quando boores oyo lo	48|49
41	si ne set	que la donçella deçia no supo	50
42	que fere	que façer	51
43	kar volentiers li aidast s il peust;	ca muy de grado la quisiera acorrer	52
44	mais il voit l eve noire	si pudiese Mas el agua hera muy fonda	53
45	et parfonde	e peligrosa	54
		e negra	55
46	et si perilluse qu il cuide bien noier s il se met dedens;	e bien cuidaua morir|si se y Metiese	56|57
47	et d'autre part il voit cele	e dela otra parte veya la donçella	58
48	qui si durement crie merci;	que muy afincada mente le pedia merçed	59
49	si l'em prent tels pitiés qu il en laisse totes poors	e ovo tal piedad della|que le fiço todo el miedo perder	60|61
50	et fet le signe de la crois en mi son vis	e fiço la señal dela cruz sobre	62
51	puis enbrace l escu	si e enbraço el escudo	63
52	et broche le cheval des esperons	e firio al cauallo de las espuelas	64
53	et se fiert en l eve	e lanço se en el agua	65
54|55	Et li chevals fu fors|si commence a noer	e el cauallo començo de nadar luego	66
56	si tost com il ot terre perdue	e perdio tierra en tal manera	67
57	si l enporte d autre part de la rive a quelque paine	que paso dela otra parte del agua	68
58	mais ançois ot beu de l eve li uns	mas ante beuio el cauallo del agua	69
59	et li autre		
60|61	et se li chevals ne fust|si buens noié fuissent ambedui	e si el caballo tan bueno no fuera sin dubda el moriera enel agua	70
62	kar li chevaliers estoit pesans		
63	por les armes qu il avoit vestues	e boores porel peso delas armas|que llebaua	71|72
64|65	Quant il fu de l autre part de l eve|si ne descendi pas ains cort vers cels	e desque fue dela otra Parte del agua dexo se correr aquellos	73
66	qui la damoisele tenoient	que la donçella tenian	74
67	et fiert	e firio al primero|que encontro en tal manera	75|76
68|69	si le premier qu il aconsieut qu il li met le glaive par mi le cors|si l abat a terre	que le metio la lança porel cuerpo	77
70	et li autre s enfuient erraument	e los otros dos|que aquello vieron fuyeron luego	78|79
71	por ce	por miedo de no ser muertos	80
72	que desarmé estoient	ca todos estauan desarmados	81
73|74	Et la damoisele|qui delivree se voit se met a genols devant Boort	e la donçella desque aquello vido finco los ynojos ante boores	82
75	et dist Ha gentils chevaliers de Dieu soiés vos beneois	e dixo ay jentil cauallero vendito seades de dios	83
76	quant vos m avés de mort rescosse	que asi me librastes de muerte	84
77	et aorés en soit Diex	e bendito sea dios	85
78	quant il ceste part vos amena	que aqui vos traxo	86
79	kar cist gloton m euissent ja morte	que estos villanos me hubieran muerto	87
80	— Damoisele fet il	si por vos no fuera donçella dixo boores	88
81|82	por quoi|? — Sire fet ele jel vos dirai bien	Por que señor dixo ella yo vos lo dire	89
83|84	mais que vos m aiés mise a sauveté|— Coment	mas ante conuiene	90
85	? fet il		
86	Avés vos		
87|88	dont garde|? — Certes fet ele ja asseur ne seraî fant com je sache laiens le seignor del chastel	que non aya miedo de ninguno Donzella dixo boores de quien auedes miedo señor dixo ella del señor del castillo	91
89	kar c est li plus fel chevaliers del monde	ca es el|mas follon omne de todo el mundo	92|93
90	et li plus traîtres	e mas cruel Ellos	94
91|92	A ces paroles voient issir I|chevalier del chastel	asi fablando vieron salir del castillo vn caballero	95
93	et la ou il vit Boort	e quando vido a boores començo le a dar boçes	96
94	si li escrie Laissiés dans chevaliers la damoisele	e a deçir don cauallero a dexar vos conuiene la donzella	97
95	que vos n enmenrois mie! Par mon chief mar le rescosistes	ca la non lleuaredes|e porla my cabeza ental Punto la acorristes	98|99
96	Si li cort quanqu il puet le glaive alongié;	e luego se dexaron correr el vno contra el otro	100
97	et Boors retrait son glaîve a lui del cors a celui qu il avoit ocis;	e boores lo firio conla lança|que auia sacado del cuerpo del villano	101|102
98|99	si laisse le cheval corre|et le fiert	que auia muerto en tal manera	103
100	si tres durement qu il l abat a terre	que dio conel Porlas ancas del cauallo a tierra|asi estordido	104|105
101	si estordi qu il n a pooir de relever ains gist pasmés	que non se pudo leuantar|asi estaua amorteçido dela cayda	106|107
102	kar il chai		
103|104	si felenessement qu a poi|que la canole del col n'avoit brisee	que las coyunturas del pescuezo tenia quebradas	108
105	Et Boors li vet a cheval par desus le cors	e boores traxo tantas vezes el cauallo sobre el	109
106	tant que tot le debrise	Que todo lo quebranto	110
107	Et lors est la damoisele	e la donçella	111
		que aquello vido fue muy alegre	112
108	si liee qu ele ne puet plus	que mas no lo podia ser	113
109	et dist a Boort Sire nos n avons mes garde	e dixo a boores señor agora non auedes aqui deque vos|mas guardar	114|115
110	kar je ne cuit qu il eust plus de chevaliers çaiens	ca eneste castillo no auia|mas deste cauallero segund cuydo	116|117
111	que cestui;	e agora os direlo	118
112|113	si vos dirai ore seurement ce|que vos me demandastes n a encor gaires	que me preguntastes seguramente Pues deçidmelo dixo boores	119
114	— Dites fet il	asi es dixo la donçella	120
115		que oy mañana entre mi	121
116|117	et I|chevalier	e vn cauallero	122
118	qui mes amis estoit chevalchions hui matin par mi cest chastel	que hera mi amigo pasamos poreste castillo	123
119	et quant li freres a celui	e quando el señor del castillo hermano de	124
120|121	que vos avés abatu me vit|si me volt a force prendre	aquel que vos derribastes me vido quisome prender afuerça	125
122	kar il m avoit molt longuement amee;	e trabo del freno demi palafren	126
123	si me prist al frain	e quisome llebar	127
124	et m en volt mener a force mes mes amis se combati a lui tant qu il l ocist	e me vido mi amigo llebar conbatiose conel tanto quelo mato	128
125	Et quant cist	e quando	129
126|127	que vos veez ci ore vit son frere mort|si fist mon ami prendre a force de vilains	aquel que alli esta vido asu ermano muerto fiço prender ami amigo a fuerça de gente	130
128	et de gens	e de villanos	131
129	et l ocist en venjance de son frere	e matolo en enmienda dela muerte desu hermano	132
130	Mais de moi	e dixo	133
		que demi se vengaria el seguramente	134
131|132	por cui Ses freres avoit esté ocis dist il qu il se vengeroit sans main metre;|si me fist prendre a ces ribaus	porque fui ocasion dela muerte de su hermano entonçe fiço tomar aquellos quatro villanos	135
133	que vos veistes	que vos vistes	136
134	et lor commanda qu il me noiaissent	e mandoles|que me matasen en aquel agua	137|138
135	kar par armes dist il ne vueil je mie qu ele muire ;	ca por armas no me queria matar	139
136|137	si m'enmenoient|si com vos veistes morir	e ellos me mataran sin falta	140
138	quant vos me venistes secorre par la volenté de Dieu	si vos porla voluntad de dios	141
139	et par la vostre	e porla vuestra no me acorrierades agora vos	142
140		e contado todo mi acaesçimiento	143
141	si voldroie des Ore mes se vostre plaisirs estoit	como me contesçio|e querria	144|145
142	que vos me menissois a salveté en un mien chastel	que me llebasedes a vn mi castillo	146
143	qui est ci pres	que es çerca de aqui	147
144|145	— Volentiers fet il|Si le prent par les bras	si vos plaze de GraDo dixo boores	148
		e luego echo su escudo alas espaldas	149
146	et le monte par devant lui sor le col de son cheval	e tomola Porel braço|e pusola antesi Ensu caballo	150|151
147	si a geté son escu derieres son dos	e fuese|ansi conella	152|153
148	si s en vet cele part ou la damoisele li enseigne	por do ella lo yria guiando fasta medio dia	154
149|150	tant que ce vint aprés midi qu il voient en un tertre I|bel a chastel	Que vieron vn muy fermoso castillo	155
151|152	et lors ataignent Il|escuiers	e alcançaron dos escuderos ala salida devn monteçillo	156
153|154	qui issoient d un bossel|et aportoit chescuns venoisons trosee detriers soi	que traia cada vno vn corço atroxado trassi	157
155	Quant il virent la damoisele	e desque vieron la donçella desçendieron apie	158
156	si descendent a pié	e fueron	159
157	et li font grant joie com a celi	e fezieron gran alegria conella|como aquella	160|161
158	qui lor dame estoit	que hera su señora	162
159	mais molt se merveillent de ce qu il la virent plorer:	mas mucho se marauillaron|porque la vian	163|164
		ansi venir	165
160	si li enquierent	e preguntaronla	166
161	que ele a	que auia	167
162	Et ele lor dit comment ses amis avoit esté ocis	e ella les conto|como su amigo hera muerto	168|169
163	et je meismes euisse esté morte	e dixo yo mesma fuera muerta sino fuera	170
164	se ne fust cis frans chevaliers	por aqueste buen cauallero	171
165	qui par sa debonaireté me resqueust	que me libro	172
166	et se mist em peril de mort	e se metio en peligro de muerte	173
167	por ma vie sauver	Por me librar	174
168	Et lors conseille a l un de ses escuierset cil se destrosse maintenant de sa venoison	e luego destroçaron el vn corço	175
169	si la baille a son compaignon	e pusieronlo enel Palafren	176
170	por porter	e ymbiaronlo al castillo conel vn escudero|e pusieron ala donçella enel otro	177|178
171	si s en vet vers le chastel quanqu il puet traire del roncin	e fueronse contrael castillo|quanto podian	179|180
172	Et Boors demande a la damoisele comment li chastials a non ou ses amis a esté ocis	e boores pregunto ala donçella|como auia nombre el castillo	181|182
173	Sire fet ele il a non Galedon	Do su amigo auian muerto señor dixo ella el a nombre Galdon	183
174	et l eve par ou vos passastes a non Galede	e el agua|que pasastes galide	184|185
175	Ensi parolent tant qu il sont venu jusqu al chastel	Asi fueron fablando fasta el castillo	186
176	si le voit Boors bien seant	Que hera muy fuerte	187
177	et fort	e muy bien asentado	188
178|179	Et quant il montent ! le tertre|si voient de laiens issir dames	e desque fueron entrados enel castillo luego vinieron contraellos muchas danças	189
180	et damoiseles a grant plenté	e corros de Dueñas	190
181	dont les unes karolent	e de donçellas	191
182	et les autres dancent	e otros dançaban	192
		e bailauan	193
183	et les autres joent de divers geus;	e otros jugauan|e façian juegos de muchas maneras	194|195
184|185	si estoient acesmees|et vestues richement	e todos andauan vestidos muy Ricamente entonçe vinieron contraellos	196
186|187	et avec venoient chevaliers jusqu a X|qui molt faisoient grant joie;	mas de diez caualleros faziendo muy gran [	197
188	et quant il voient Boort	]	198
189	si crient tuit encontre lui Bien viengniés sire	e deçian todos avna voz vien venga el mejor cauallero	199
190	qui nostre dame avez delivres de mort	que anuestra señora libro de muerte	200
191|192	et rescosse des mains a ses enemis|Et lors font descendre lor dame	e libro anos denuestros enemigos entonçe los desçendieron a muy gran gozo	201
193|194	et lui avec :|si ne vos porroit nus conter la joie	e alegria façiendo con boores	202
195|196	qui li fu fete|	asi que el se marauillaua ende mucho	203
197|198	et a tel feste enmainent Boort jusqu al palés del chastel|si le font desarmer ou il volsist ou non	e las Mesas fueron puestas	204
199	et il le fist a envis	e asentaronse a comer	205
200	kar il n estoit encore mie tens de herbergier	ca mucho lo auian menester	206
201|202	Ensi remist Boors laiens|si li firent grant joie li un	e desque ovieron comido la donçella le pregunto	207
203	et li autre	e dixo le señor	208
204	Et quant il orent mengié	si vos pluguiere querria saber vuestro nombre	209
205	a damoisele demande a Boort comment il avoit non ét ¡l dist qu il avoit non Boors li Essilliés	porque sepa dezir quien me fiço tanto bien donçella dixo boores yo he nombre boores el deseredado	210
206	Et vos fet il	e vos donzella dixo el	211
207|208	damoisele quels est li vostre nons|? — Sire fet ele	como auedes nombre señor dixo la donçella yo he nombre velniña de glaçendo	212
209|210	je ai non Blevine de Glocedun issi a non cist chastials ou nos somes|A ces paroles qu il disoient es vos I escuier	que asi a nombre el castillo enque estamos Ellos	213
211	qui laiens entre	ansi fablando llego vn escudero porla puerta	214
212	si s agenoille devant la damoisele	e finco los ynojos ante la donçella	215
213|214	Dame fet il la damoisele de Honguefort vostre cosine vos salue|et vos mande qu ele vient herbergier o vos	e dixole señora la donçella de hongeforte vos ymbia a saludar	216
215	Et quant cele l entent		
216	si saut sus	e ymbiavos deçir	217
217	si liee	que esta noche ven conbusco albergar	218
218|219	et si joiose|que nule plus	e quando la donçella esto oyo fue muy alegre	219
220	et demande al vaslet ou ele est	e pregunto al escudero	220
221|222	Dame|fet il a mains de demie lieue pres de ci	do era señora dixo el escudero yo la dexe a media legua de aqui	221
223	Et ele fet maintenant sa sele metre		
224	et dist qu ele ira encontre li;		
225|226	si monte|et maine o li	e la donçella mando luego ensillar	222
227|228	VI|chevaliers	e fuese con seis caualleros ala rreçebir	223
229	et Illl		
230	en laisse		
231|232	por fere compaignie a Boort ;|si se part atant de laiens	e dexo a boores con quatro caualleros porle fazer conpaña	224
233	Mes Boors		
234|235	qui les noveles a of̈es de cele de Honguefort|si ne set	e quando boores sopo quela donçella de ongeforte venia no sabia	225
236	que fere	que façer	226
237	kar se il remaint laiens ne puet estre		
238|239	que l en nel conoisse|et ce ne voldroit il	ca no queria aquelo conoçiese	227
240	por rien:	si pudiese ser	228
241|242	si pense longuement a ceste chose|Quant il ot une piece pensé	e penso	229
243	si se drece en estant	asi enesto mucho	230
244|245	et demande ses armes tost|et isnel	e a cabo de Pieça demando sus armas señor dixeron los caualleros	231
246	Sire font cil		
247	qui avec lui estoient qu en volés vos fere	que conel estauan|que para	232|233
248|249	? — Je me vueil|fet il un poi aler esbatre jusqu a cel boschel	que las queria yo me Quiero armar dixo boores Porme yr a solazar a aquel montezillo	234
250	si revendrai orendroit	e luego me tornare	235
251|252	Cil n osent son commandement refuser|si aportent ses armes	e ellos no osaron su voluntad contradeçir	236
253	et il les prent	e truxeronselas	237
254	Et quant il est armés	e el se armo|e desque fue armado salio porvn postigo	238|239
255	si monte en son cheval a	que estaua contrael monteçillo	240
256	si se part de laiens par une posterne par devers le boschel ne ne velt	e no quiso	241
257	que nus li face compaignie	que fuese conel ninguno	242
258|259	Et quant il est l|poi eslongiés del chastel	e desque fue vn poco alongado Metiose porvna floresta	243
260	si torne a destre vers une forest qu il voit haute	que vido muy espesa|quanto el cauallo lo pudo lleuar	244|245
261	et espesse	e el	246
262	et s en vet al ferir des esperons;		
263	si se fiert en la forest		
264	et eirre tant qu il li anuite ;	ansi yendo oyo vna canpana tañer	247
265|266	et lors escote|si ot une cloche soner	e luego cuido quela tañian en alguna hermita	248
267	et il sot bien tantost	e el fue alla	249
268|269	que c estoit hermitages:|si s en torne cele part	e desque llego ala hermita llamo fastaque el hermitaño le vino a abrir	250
270	et descent a l uis	e acogiolo	251
271	si apele	porque vido	252
272|273	et li hermites li oevre son huis|si a le reçoit a bele chiere	que hera cauallero andante	253
274	et le desarme il meismes	e el mesmo lo ayudo a desarmar	254
275|276	puis vet cueillir de l erbe al cheval|et por fere lit al chevalier	e desque lo ovo desarmado cogio dela yerua Parael cauallo	255
277		Ansi finco enla hermita	256
278	et la damoisele de Glocedun chevalcha tant a qu ele encontra cele de Honguefort;	e la donçella de glaçedon andubo tanto fastaque encontro ala señora de ongeforte	257
279	si s entresaluent	e ellas se saluaron	258
280	mais molt se merveille cele de Glocedun	e la donzella De glazedon se marauillo mucho	259
281	quant ele voit sa cosine	quando vido	260
282	si atornee	asi venir asu parienta	261
283	et tote sa maisnie:	e a todas su conpaña	262
284	si li demande l acheison	e preguntaronle la Razon	263
285	et cele li conte de chief en chief	porque hera aquello	264
286|287	et dist|que jamés ne finera d errer jusqu el ait le chevalier trové	asi e la donzella de ongeforte selo conto todo de cabo a cabo Como le contesçio conel cauallero	265
288	et bien sachiés fet ele bele cosine	e mi buena parienta bien sabed	266
289	que c est li plus bials chevaliers	que el es el|mas fermoso cauallero	267|268
290	et li mieldres		
291	que je onques mes veisse	que nunca vi	269
292	et si est encore jovenes enfés;	e nunca quedare de andar|asi fasta quelo falle	270|271
293	si ai tel duel	ca sabed	272
294|295	quant il me membre de la vilenie|que je fis qu a poi	que el es el mejor cauallero Del mundo	273
296|297	que li cuers ne me part el ventre|	e mas cortes	274
298	Si li conte tot ensi com il li estoit avenu	e es muy niño|e quando me mienbro dela descortesia	275|276
299|300	et dist qu ele a le chevalier herbergié|mais bien sachiés fet ele	e dela villania	277
301|302	que c est li plus bials chevaliers|que je onques mes veisse	que contrael fiz el corazon seme quiere quebrar enel cuerpo Pardios mi buena parienta dixo la dueña de glozendo mucho vos a acasesçido buena ventura	278
303	et jovenes durement ;	e ami non a venido menor	279
304	si li devise sa façon		
305	et son grant	e luego le conto	280
306	et sa mesure tant qu a cele de Honguefort est avis	como auia acaesçido conel Cauallero	281
307	que c est cil qu ele quiert	que conella albergara	282
308|309	si li tarde molt qu ele le voie|	mas bien sabed	283
310	si descendent la damoisele molt honorement	que es el	284
311	et molt font grant joie de li	mas fermoso cauallero	285
312|313	Et lors sont montees el palés;|si demande cele de laiens ou ses ostes est	Que Nunca vi	286
314|315	Par foi font|si chevalier ¡l s en vet orrendroit tos armés fors de cest chastel	e es muy mançebo	287
316|317	mais il nos dist qu il revendroit tantost; n onques|por nul pooir ne volt soffrir	e luego le conto las façiones del tanto quela dueña de ongeforte entendio	288
318	que nus de nos alast avec lui	que hera el cauallero	289
319	—		
320|321	Quel part s en ala il|? fet ele	que ella andaua buscando	290
		e mucho sele tardaua delo ver	291
322	— Dame font il vers cel boschel	asi fueron ental manera fablando|Que llegaron al castillo	292|293
323	— Or tost fet ele montés alés aprés lui	e rresçibieron todos ala donçella de ongeforte muy honrradamente|e fizieron gran gozo conella	294|295
324	si le nos ramenés	e la donçella del castillo pregunto luego porsu huesped|Por buena fee dixeron los caualleros	296|297
325|326	Lors sont monté li X|chevalier	que auian fincado conel tomo sus armas	298
327	et vienent jusqu al boschel	e fuese a deportar a aquel montezillo	299
328	si le cerchent amont	mas luego dixo	300
329	et aval mes del chevalier ne pueent riens trover	que se vernia Mas nunca|por alguna manera Podimos	301|302
330|331	si en sont molt irié|et dolent	que nos sufriese	303
332|333	et mandent a lor dame qu il ne le pueent trover|En non Dieu fet ele ensi ne remandra il pas	que fuesemos conel a qual parte fue dixo la donçella del castillo aquel montezillo dixeron ellos	304
334	Si monte	e luego mando alos diez caualleros quelo fuesen alla a buscar	305
335	et tote sa maisnie	e ellos lo fiçieron	306
336	et commande a cerchier le bois de totes pars	ansi ca anduuieron todo el mon teçillo arriba	307
		e ayuso Mas nunca lo pudieron fallar	308
337	et il en font son commandement	e tornaron|e contaronselo	309|310
		ansi asu señora Pordios dixo la donçella ni poresto no fincara	311
338	Mais tot ce ne lor valt riens	e luego Caualgo con toda su conpaña|e fuese Al montezillo	312|313
339	kar il n'em puent avoir nul asenement a	e fizolo çercar de todas partes|mas nunca lo pudieron fallar	314|315
340|341	Quant ele vit ce|si s en retorne en son chastel dolente	e quando ella aquello vido tornose asu castillo muy triste	316
342	et corociee	e muy sañuda	317
343	et conte a cele de Honguefort comment ses ostes s en estoit alez	e contolo|ansi ala donzella de hongeforte Como su huesped hera ydo	318|319
344	puis demande a cels de laiens Bials seignors	e la donzella les pregunto	320
345	quant s em parti il — Par foi dame font il	quando se fue Pordios buena señora luego	321
346	si tost com il vos en vit aler	que vos de aqui partistes Mas dixonos|que luego venia	322|323
347|348	et dist qu il revendroit tost|— Par foi fet ele gabez nos a	Por buena fee dixo ella bien nos a engañado	324
349	Lors demanda cele de Honguefort quels armes il portoit	Que armas traia dixo la donçella de hongeforte	325
350	et ele li devise		
351	En non Dieu fet ele je te trovai hui matin a l entree d une forest mes il ne portoit mie tel escu com cil	e la donçella selas deuiso Pordios dixo ella yo lo falle oy demañana envna floresta|mas no traia el tales armas Como	326|327
352|353	que je quier|— Bele cosine fet cele de laiens il le puet bien avoir changié	aquel que yo ando buscando Buena Parienta dixo la donçella del castillo el las puede auer bien trocado	328
354	et je vos di al mien cuidier	e yo vos digo ami cuidar	329
355	que ce est cil	Que este es	330
356	que vos querez :	el que bos buscades	331
357	si vos prie	e Ruego vos	332
358|359	que vos me laissiés o vos aler|tant que trové l aions	que me dexedes convos yr fasta Quelo fallemos	333
360	et lors savrai l acheison	e sepa la rrazon	334
361|362	por quoi il laissa mon ostel a tel ore|— Il m est molt bel fet cele de Honguefort	Porque se fue demi castillo ental manera Mucho me Plaze dixo la donzella de ongeforte	335
363|364	que vos i viegniés|puis qu il vos plest	Que vengades Pues vos plaze	336
365|366	Ensi remistrent la nuit laiens|et al matin	ansi fincaron toda aquella noche enla mañana tanto Como fue de dia se leuantaron	337
367	si tost com eles ! virent le jor		
368	si leverent		
369|370	et se partirent del chastel|et entrerent en la queste de lor chevalier	e fueronse del castillo enla demanda del buen cauallero Agora dexa el cuento de fablar dellas	338
371	Mais or laisse atant li contes a parler d eles		
372	et de Boort	e de boores	339
373	et retorne a parler de Lancelot la ou il est entrez en la forest de Sarpenic	e torna A Lançarote|Que entro enla floresta Serpentina	340|341
374	si com li contes a devise ariers		
375	Or dist li contes qu il fist grant chaut le jor	Asi como el cuento lo a deuisado Dize el cuento|que gran calentura façia el dia	342|343
376	que Lancelos entra en la forest de Sarpenic	que lançarote entro enla floresta	344
377	et por ce ne remest il mie qu il ne chevalchast jusqu à none;	mas poreso no finco|que el no andubiese todo el dia fasta nona	345|346
378	si li avint ensi qu il n encontra home ne feme jusqu al vespre;	que no encontro ome ni muger	347
379	mais lors sans faille	mas a hora de visperas sin falta	348
380	si com il dut issir de forest	quando queria salir dela floresta	349
381	qui tot le jor li ot duré encontra une damoisele	que todo el dia le auia durado encontro vna donzella	350
382	qui molt faisoit grant duel	que mucho façia gran duelo	351
383|384	et chevalchoit I|palefroi noir a molt riehe lorain	e andaua envn palafren morçillo	352
385	et a molt cointe sele de l'oevre d Engleterre	que traia vna muy Rica silla y freno	353
386	Il salue la damoisele	e el saluo la donçella	354
387	et ele lui	e ella ael donzella dixo lançarote deçidme|porque llorades	355|356
388	Damoisele fet il	si vos plaze çierto dixo la donçella|si yo supiese	357|358
		que me vernia Prouecho enello yo voslo diria muy de grado çierto dixo donçella enmelo deçir no aueredes vos daño	359
389	kar me dites s il vos plest	si auos pluguiere|e vos dezidmelo	360|361
		por conuenençia	362
		que vos ayude yo a todo mi Poder en todas las cosas	363
		que hubieredes menester	364
		e espeçialmente enesta	365
390	por quoi vos plorés	por que vos llorades	366
391|392	— Certes sire fet ele se je i' cuidoie avoir preu je le vos diroie|— Damage fet il ll i avrez vos ja se Dieu plest	Ca yo porne enello el mejor Remedio	367
393	mais dites le moi par covent que se je vos	que puede ser|si es cosa	368|369
394|395	puis aidier a vos esleecier je vos aiderai a mon pooir|	que vos pueda ayudar Enel nombre de dios dixo la donçella pues vos os afincades tanto	370
396|397	donc le vos dirai je|ll est voirs	que vos diga enque manera es	371
398	que Meleagans li fiz al roi Baldemagu ala a la cort le roi Artu	e que cosa es lo	372
399	por la roine Genievre conquerre s il peust;	porque yo lloro yo voslo dire	373
400	et endementiers fist tant une damoisele	asi es|que fiço tanto vna donçella	374|375
401	qui estoit	Que hera hermana de Meliangas	376
402	? sa suer qu ele geta Lancelot d une tor ou Meleagans l avoit mis en prison ne sai	que saco dela prision a lançarote quelo tenia envna torre Meliangas no sabia	377
403	por quoi	porque e	378
404|405	Quant ele l ot delivré|si le tint avec li tant qu il fu garis	quando el fue libre ella lo tubo en su poder fastaque fue guarido	379
406	kar molt avoit eu mesaise en la prison	ca mucho auia enpeorado dela prision|e des	380|381
407	et puis l envoia a la cort le roi Artu ou il ocist Meleagan ce savons nos or bien	que fue guarido fuese ala corte del Rey Artur|e Mato alla a meliangas segund cuido	382|383
408	Mais si tost com li parent sorent qu ele avoit Lancelot osté de la prison	que oystes|mas tan ayna	384|385
409	si distrent qu ele l avoit fait	como sus parientes lo supieron	386
		que ella auia hechado dela prision a lançarote Dixeron quelo auia fecho	387
410	por Meleagan ocirre;	por amor de Meliangas delo matar	388
411	si le pristrent a force	e tomaronla afuerça	389
412	et l acheisonerent de sa mort	e pusieronla en prision|e dixeron	390|391
413|414	et distrent que s ele ne trovoit|qui l en desfendist	que si no fallare quien la defender de aquesto	392
415|416	qu'il feroient de lui justice|si grant com l en doit fere de cele	que farian della grand justiçia Como deuen de fazer de muger	393
417	qui son frere ocist	que asu hermano auia muerto	394
418	Et ele dist qu ele troveroit bien	e ella dixo	395
419|420	qui la desfendroit:|si mist jor d amener I	que bien fallaria quien la defendiese	396
421	chevalier	e luego pusieronle dia señalado Parase defender|Por cauallero	397|398
422|423	por li desfendre|si s est	e ella ymbio a buscar	399
424	puis porchaciee en Pluisors liex	por muchos lugares quien le defendiese	400
425	mais onques ne trova chevalier	mas nunca a podido fallar Cauallero	401
426	qui ses armes en osast prendre contre celui	que armas quiera tomar contra aquel Cauallero	402
427	qui apelee l avoit	que deste pleito la a Reptado	403
428|429	Or|si est tant la chose alee	e el Plazo se cumple Mañana ental manera	404
430|431	que li jors est aterminés a hui ;|si n a trové la pucele nul desfendeor	que si fasta ora de terçia no falla defensor tomaran della luego vengança	405
432|433	et por ce dient li un|et li autre qu ele est atainte del meffet	e la vengança sera tal	406
434	que l en li met sus :	que la Quemaran	407
435|436	si l ont jugiee ce m est vis a ardoir le matin|et por ce qu il m en membroit or em ploroie je	e poresto lloro yo	408
437	si durement	asi tan fuertemente	409
438|439	kar certes ele estoit une des plus cortoises damoiseles ! del monde|et une des plus vaillans	porque aquella es vna delas altas donzellas del mundo agora me deçid donçella dixo lançarote	410
440			
441	et s ele trovoit demain		
442|443	qui la deffendist|dont ne seroit ele quite del jugement	si ella fallase tras quien la defendiese seria ella quita del todo señor dixo ella no se	411
444|445	que l en a fet|? — Sire fet ele je ne sai	E es muy lexos de aqui ado ella esta dixo lançarote señor dixo ella no ay	412
446|447	—|Et est ce fet il gaires loing	mas de aqui alla de seis leguas ynglesas	413
448|449	que ele est|? — Sire	e si quisieredes Bien podedes yr alla a ora de Prima Ado la podre fallar dixo lançarote enla floresta de donseglorega dixo la donçella	414
450|451	fet ele il n i a que|VI	e este camino vos lleuara alla	415
452	lieues englesches		
453|454	Se vos leviés demain matin vos i seriés ains prime|— Ou le porrai je fet il trover	si lo supieredes guardar Pues a dios vos encomiendo dixo el	416
455|456	? — Al chastel a fet ele de Floego|et cis chemins vos i menra droit se vos le volés tenir	e luego se partio el vno del otro	417
457	— Or vos commant a Dieu damoisele fet il	e la donçella yua llorando	418
458	Si s em part atant		
459|460	et cele s en vet faisant son duel|Et il chevalche tant qu il vint fors de la forest	e la donçella yua agora tanto porsu camyno fastaque salio dela floresta	419
461	si vit devant lui une maison de religion	e llego avna casa de Religion	420
462	et il torne cele part	e el fue alla	421
463	por herbergier	por aluergar	422
464	Et quant il i vint		
465|466	si trueve a la porte IlII|des freres	e fallo ala puerta dos frailes	423
467	qui ja avoient chanté complie	que auian dicho conpletas	424
468	et estoient venu hors	e estauan al ayre	425
469	? al serain;		
470|471	si saillent encontre lui|por fere descendre	e ellos fueron contrael porlo ayudar a desçender	426
472	et dient	e dixeron	427
473	que bien soit il venus;	que vien fuese venido	428
474	si le font entrer laiens	e Metieronlo enel monesterio	429
475	et li demandent s il a mengié	e los frailes le dixeron señor auedes	430
476|477	et il dist|que nenil	oy comido no señores dixo el	431
478	et il font erraument mettre la table a	e luego mandaron ellos quele pusiesen la mesa	432
479	mais il dist qu il ne mengera devant qu il ait esté al mostier b lar il n i entra hui	mas lançarote no quiso luego comer ante dixo|que entraria enla yglesia	433|434
480|481	|por orer	por fazer oraçion	435
482	et en ce qu il se fu agenoilliés	e desque el entro enla yglesia finco los ynojos	436
483	si regarde a destre	e el façiendo oraçion cato asu diestro	437
484	et voit unes prones d argent trop richement fetes a floretes d or	e vio vnos arcos de plata muy Ricamente fechos a flores de oro	438
485|486	et a oisials|et a bestes	e a bestias de diuersas maneras	439
487	et dedens avoit V		
488	chevaliers armés les hialmes es testes les espees es mains ausi apresté de deffendre	e ante ellos estauan çinco caualleros armados de todas armas elos yelmos enlas cabezas|e las espadas enlas manos	440|441
489|490	que se l en les volsist asaillir|De ce se merveilla molt Lancelos ;	como si quisiesen defender de algunos quelos quisiesen acometer Desto se marauillo mucho lançarote	442
491	si se drece erraument	e fue alla contraellos	443
492|493	et vet cele part|si salue les chevaliers	e ellos le dixeron señor bien seades venido	444
494|495	et il dient|que bien soit il venus	e el les rrindio sus saludes	445
496|497	Et il entre dedens les prones par un petit huisselet a|et esgarde les prones	e lançarote cato vn poco los arcos	446
498	qui tant sont riches qu il ne cuide pas	Porque heran muy Ricos|e muy fermosos	447|448
		que vien cuidaua	449
499	que nus rois les peust esligier;	Que vn Rey No los podia tales façer|e el	450|451
500|501	puis voit delés les chevaliers une tombe la plus riche|qui onques fust fete par home	asi Catando vio dentro enlos arcos vna muy Rica tumba qual nunca tal viera el ni ome del mundo	452
502	kar ele ert tote d or fin a chieres pierres precioses	que hera toda de oro fino|e de piedras preçiosas	453|454
503	qui molt valoient miels d un grant roialme	que estaua toda labrada de diuersas maneras	455
504	Se la tumbe fu de grant bialté nient ne monte la bialtés envers la richece	e de muy muchas cosas de figuras	456
505	dont ele estoit	e de otras cosas	457
506	et avec ce estoit ele la greignor	que tal tumba de tal manera nunca viera ni ome del mundo|que la non ouiese visto no podria asmar la fermosura	458|459
507	que Lancelos eust onques veue :	que enella auia de tales cosas|como enella estauan	460|461
508	si se merveille molt	e don lançarote se marauillo	462
509	qui puet estre li princes	e dixo entresi mesmo Quien podria ser el prinçipe	463
510	qui dedens fu mis	que enella yaçia	464
511		e lançarote pregunto alos caualleros	465
512	qui sont iluec	e dixo señores	466
513|514	Sire font il nos gardons le cors|qui en ceste tumbe est	que estades aqui façiendo señor dixeron los caualleros nos guardamos el cuerpo	467
515|516	qu'il n en soit portez fors de çaiens;|si somes	que yaze enesta tumba quelo no lleuen dende aqui	468
517|518	V|por garder le de jors par nuit en i a autres	e nos lo guardamos çinco caualleros de dia	469
519	V		
520|521	qui font autretel servise comme nos faisons de jors|—	e otros çinco de noche	470
522	Et por quoi fet Lancelos avez vos poor qu il n en soit portés	que no façemos y al Auedes miedo dixo Lançarote	471
523|524	? — Sire font il|por ce	que voslo lleuen de aqui señor dixeron ellos	472
525	que uns des freres de çaîens	si que vn fraile de aqui	473
526	qui molt est preudom	que mucho es buen ome	474
527	et de sainte vie nos dist n a encor gaires	e de sancta vida nos a dicho	475
528|529	que uns chevaliers vendroit ceste part|qui a force l en osteroit	que vn cauallero vernia aesta tierra	476
530	et fors de cest païs l en feroit porter	que por fuerça lo lleuaria desta tierra	477
531	Et nos gens de ceste terre voldrions miels morir qu il fust remués d entre nos :	e las gentes desta tierra querrian antes ser muertos|que el fuese lleuado de entre nos	478|479
532	por ce		
533	si le gardons issi com vos veez lar li preudom i nos dist	e poreso lo guardamos|asi como vedes	480|481
534	que li chevaliers ne demoreroit pas qu il ne venist — Or me dites	ca el ome bueno nos dixo|que no tardaria mucho el buen cauallero	482|483
535	fet Lancelos ne fu cil molt haus princes a cui l en fist	Que no viniese alo sacar Agora me deçid dixo lançarote quien fue este tan Rico prinçipe	484
536|537	si haute sepulture|? — Sire font cil haus hom fu il	que yaze entan rrica sepultura Señor Dixeron ellos Mucho fue alto ome	485
538	et riches; avec ce qu il fu haus hom fu il li plus preudom	e el|mas noble	486|487
539|540	qui onques fust a son tens|— Ha Diex fet Lancelos	Que nunca fue visto ay dios dixo lançarote quien fue señor dixeron ellos	488
541|542	qui fu il|?— Sire font il se vos conoissiés letres veoir le porriés	si sabedes leer vien podedes saber quien es	489
543	kar ses nons est escris el chief de cele lame	el que aqui yaze|que ala cabezera dela su tumba lo fallaredes escrito	490|491
544	Lors va Lancelos cele part	e lançarote se fue ala cabeça dela tunba	492
545	si regarde les letres	e fallo las letras	493
546	qui dient Ci gist Galehout li fiz a la Jaiande li sires des Lointaignes Isles a	que deçian aqui yaze galeote el fijo dela fermosa Jaiana	494
547	qui por l amor de Lancelot morut	que por amor de lançarote murio	495
548	Et quant il vit ce		
549|550	si chiet pasmés|et gist grant piece a terre sans mot dire;	e quando lançarote ovo las letras leydo cayo amorteçido en tierra	496
551	et li chevalier le corent relever	e estubo	497
552|553	si se merveillent molt qu il puet estre|Et quant il revint de pasmison	ansi gran pieça	498
554|555	si s escrie Ha las!|Quel dolor	que no pudo fablar	499
		e los caualleros fueron ael porlo leuantar	500
		e mucho se marauillauan	501
		que podia Aquello ser	502
		e quando lançarote acordo començo a dar vozes	503
		e a dezir ay	504
		que duelo	505
556	et quel damage	e que daño	506
557	Et lors fiert l un poing en l autre	e luego començo a dar del vn puño enel otro	507
558	et esgratine son viaire	e a rrascar el Rostro	508
559	si qu il en fet le sanc salir de totes pars	asi que la sangre le salia|por todas partes	509|510
560	si se prent as chevels	e a mesar sus fermosos cabellos	511
561	et se fiert grans cops del poing en mi le front	e a darse puñadas grandes enel rrostro	512
562	et en mi le pis	e enlos pechos	513
563|564	et crie|si durement qu il n i a celui	e a dar tales vozes	514
565|566	qui tote pitiés n en preigne;|si se laidenge	que todos auian piedad del	515
567	et maldit l ore qu il fu nes	e maldeçia el dia en|que fuera nasçido	516|517
568	et dit Ha Diex !	e deçia ay	518
569	Quel damage	que duelo	519
570|571	quel perte del plus preudome del monde|qui mors est	e que daño morir el mejor ome del mundo porel	520
572	por le plus vil chevalier	mas mal Cauallero	521
573	et por le plus malvés	e mas malauenturado	522
574	qui onques fust ! Tant fet Lancelos grant duel	que enel es Mucho fiço lançarote gran llanto|e daua tales vozes	523|524
575	que tuit cil de laiens le vienent regarder a merveille;	que todo el mundo lo cataua|e se marauillaua del	525|526
576	si li demandent	e preguntaronle	527
577	qui il est	como auia nombre	528
578	et il ne puet mot dire ains crie totes voies	mas el no podia Responder Ante daua vozes	529
579	et se debat	e gritos todavia	530
580|581	et descire|Quant il a son duel demené grant piece	e desque el fiço su duelo gran pieça cato las letras otra vez	531
582	si regarde les letres	e quando vio	532
583	qui dient	que deçia	533
584|585	que por lui est mors Galehout;|si dist	Que Porel hera Muerto dixo	534
586	que or seroit il trop malvés s il ausi ne moroit	que asaz seria mal auenturado|si porel no muriese	535|536
587	por lui:si saut maintenant jus des prones	e luego se partio dende	537
588|589	et pensa qu il iroit querre s espee|et qu il s en ocirroit	e fuese buscar su espada	538
590	kar ausi avoit ele esté Galehout a	para se matar conella	539
591|592	Et maintenant qu il fu issus del mostier|si encontra une des damoiseles del Lac cele	e luego el sabiendo Dela yglesia encontro con vna donzella dela dueña del lago aquella	540
593	qui a Boort avoit parlé devant le chastel de Honguefort	que fallo con Boores ante el castillo de ongeforte	541
594	et ele le conuit bien	e ella lo conoçio	542
595	si le prent par le pan de la cote	e trauole dela mano	543
596|597	et l areste|Qu est ce	e tirolo contrasi	544
598|599	? fet ele|Ou alés vos ensi	e dixole ado ydes vos	545
600	? — Ha damoisele fet il laissiés moi mes dolors finer lkar jamés n avroie joie ne repos en cest siecle	asi ay donçella dixo lançarote dexadme mis dolores acabar	546
601	— Parlés fet ele a moi	que jamas no abre plazer ni folgura eneste mundo fablad conmigo dixo la donçella	547
602|603	Et il ne li dit mot ains se lance outre|si qu il li eschape des mains	e el no le rrespondio palabra antese escapo dela mano	548
604	Et quant ele l en vit aler	e se fue	549
605|606	si li crie Je vos deffent fet ele par la rien|que vos plus amez en cest monde	e quando la donçella esto vido dixole señor yo vos defiendo porla cosa del mundo	550
607	que vos n ailliés avant	que mas amades|que no vaiades	551|552
608	tant que vos aiés parlé a moi	mas adelante fastaque fabledes conmigo	553
609|610	Et il s areste|si la regarde	e lançarote se detubo luego	554
611	et quant il la conut	e la cato tanto	555
612	si li dist	que la conoçio	556
613|614	que bien soit ele venue|En non Dieu fet ele vos me deuissiés fere plus bele chiere	e dixole donçella vien seades venida Pardios dixo ella vos deuedes fazer	557
615	que vos ne me fetes al mains	mas alegre cara de	558
616	por ce	Quanto façedes	559
617|618	que je sui messages vostre dame del Lac|— Ha damoisele fet il	Por quanto yo so mensaxera devuestra señora la donçella del lago dixo el non vos pese	560
619|620	por Dieu ne vos poist certes je ai tant de dolor|que nus for Diex ne me porroit conforter ne a ne cuidiés	ca no cuidedes	561
621	que jamés aie joie	que jamas aya yo plazer ni alegria	562
622	por aventure	por auentura	563
623|624	qui me puist avenir|— En non Dieu fet ele	que me venga Pordios dixo la donçella	564
625|626	si avrois|Escotez	si aueredes agora sabed	565
627|628	que ma dame vos mande|— Or dites fet il	que mi señora vos ymbia a deçir	566
629|630	|que vos ostés le cors Galehout de caiens	que vos tiredes el cuerpo de galeote de aqui	567
631	et le fetes porter en litiere en la Dolerose Garde	e lo fagades lleuar al castillo dela dolorosa guarda	568
632|633	et iluec soit mis en la tombe meismes ou vos trovastes vostre non escrit;|et ele le velt ensi	e lo fagades meter en aquella tumba mesma ado fallastes su cuerpo escripto	569
634	por ce qu ele set bien	ca ella lo quiere	570
635	que en cel lieu sera vostre cors enterrez	ansi Ca el vuestro cuerpo mesmo sera y enterrado conel	571
636|637	Et quant il l ot|si en est molt liés	e quando el esto oyo fue muy alegre	572
638	et dist	e dixola	573
639	que molt li sont ces noveles plaisans	que Mucho heran aquellas nuebas plazenteras	574
640|641	kar tot ensi le fera il ;|puis demande comment sa dame le fet	que asi lo faria Puesque ella lo ymbiaua a mandar	575
642	Par foi fet ele ele a esté	Por buena fee dixo la donçella vien a ocho dias	576
643|644	VIlI|jors deshaitiee trop durement	Que vuestra señora esta muy triste	577
645	kar ele trova en son sort	porque ella vido ensus suertes segund	578
646	si com ele meismes me dist puis	que me ella dixo	579
647	que si tost com vos troveriés la tombe Galehout	que asi|como fallasedes la tumba de Galeote	580|581
648	que vos vos ocirriés de duel se vos n estiés destornez	que luego vos matariades sino ouiesedes quien vos esforçase	582
649	Por ce m envoia ele ça a grant besoing		
650	si vos mande	e quien vos estoruase	583
651	que vos laissiés le duel ester qu il ne vos puet fere se nuire non	e poresto me ymbio ella aca a gran priesa|e vos manda dexar este duelo	584|585
652	et vos prie par la rien	e vos Ruega|por la cosa del mundo	586|587
653	que vos plus amés	que mas amades	588
654	que vos al plus bel	que vos conortedes lo mejor	589
655	que vos porrois vos reconfortés	que pudieredes	590
656	et se vos ensi ne le fetes bien sachiés	e que|si lo no fiçieredes	591|592
657	que al premier besoing		
658|659	que vos avrois de li ele vos faudroit|Et il dist qu il se confortera	que ella vos tirara el ayuda	593
660	puis qu ele le velt	que della auedes	594
661|662	Or vos covient fet ele vos armes prendre|kar je voi bien qu il ne le vos en lairont mie en pes porter tant com il le porront deffendre	asi lo fare dixo lançarote puesque aella plaze agora vos conuiene dixo la donçella de armar	595
663	Et il dist qu il i morroit ançois qu il ne l ostast de laiens;		
664	si se vet armer	ca yo se bien	596
665	et la damoisele vient tantost as chevaliers	que aquellos caualleros no voslo dexaran llebar en	597
666|667	qui gardoient la tombe|si lor dist Seignor fet ele volés vos destorner ce qu il covient estre a force	quanto lo pudieren defender o yo morire dixo lançartoe o yo lo tirare donde esta	598
668	?	E luego se fue armar|e la donçella se fue alos caualleros quela tumba guardauan	599|600
669|670	et demandent|por quoi ele le dist	e dixoles señores queredes vos defender aquello	601
671|672	Je le di fet ele|por le cors	Que conuiene a ser afuerça yo lo digo dixo ella Porel cuerpo	602
673	que vos gardez	que guardades	603
674	et si savés bien qu il en sera ostez	ca sabed	604
675	— Non sera font il	que vos sera tomado non sera dixeron ellos en	605
676|677	que nos puissons|— En non Dieu fet ele	quanto nos pudieremos Pardios dixo ella	606
678	si iert	si sera	607
679	et bien sachiés fet ele		
680|681	que cil est venus|qui l en ostera	que aqui es venido quien voslo tolera	608
682	Et se vos le contredites vos en morrois tuit:	e si lo quisieredes contradeçir a todos conuiene morir	609
683	por ce vos vendroit il miels		
684	que vos le laississiés atant ains		
685	que vos vos en façois ocirre		
686|687	Et cil dient|que ja tant com il soient vif n en sera portés	e poresto querria quelo dexasedes anteque vos matasen porende ya enquanto nos fueremos vibos dixeron los caualleros No sera de aqui llebado	610
688	Et bien sache font il li chevaliers	e bien sepa el cauallero	611
689|690	qui venus est|por avoir le	que porel es venido	612
691	que s il estoit encore plus preus	que aunque fuese mejor ome	613
692|693	que Lancelos n est|si n en menra il point	que lançarote quelo no moueria de aqui vn punto agora vere dixo la donçella	614
694	— Or verrons fet ele comment il vos en avendra	como vos auerna Ellos	615
695	A ces paroles vint laiens Lancelos tos armés	asi fablando llego ay lançarote Armado de todas armas	616
696	et quant li chevalier le voient venir	e los caualleros|que lo vieron preguntaron	617|618
697|698	si li demandent qu il velt fere|Je vueil fet il avoir le cors	Que que queria fazer yo quiero dixo el el cuerpo	619
699|700	qui laiens est|— Par foi font il vos ne l avrois mie	que alla esta Pordios dixeron ellos vos no lo aueredes	620
701|702	por nient|Nos ¡ morrons ançois tuit	que ante seremos aqui todos muertos	621
703	que vos l enportois	que vos	622
704	— A morir fet il en estes		
705|706	donc tuit|puis que a mains ne vos en volés soffrir	asi lo lleuar a morir vos conuiene Dixo lançarote pues no vos queredes sofrir	623
707	Si saut dedens les prones		
708|709	et il li corent sus|kar arrieres le cuident fere sailir	e luego salieron los Caualleros delos arcos	624
710|711	por poor de morir;|si le fierent par la ou il le pueent ataindre	do estauan con miedo de ser Muertos	625
712	et il ot el poing l espee nue ;	e començaronlo a ferir|por do	626|627
713	si lor done grans cops	mas mal lo podian fazer	628
714	et pesans	e lançarote metio mano ala espada	629
715	et fiert le premier qu il encontre	e firio al primero|que fallo	630|631
716	si durement	asi duramente	632
717|718	que por le hialme ne|por la coife de fer ne remaint qu il ne li mete l espee jusqu al test;	que porel yelmo ni Porel almofar no finco quele no metiese la espada porla Cabeça	633
719|720	et il le hurte de soi|Si l abat a terre	e dio conel en tierra	634
721|722	Et lors saillent molt irieement tuit li autre|si depiecent son escu	e los otros lo començaron a ferir muy rreçia mente porel escudo	635
723	et son hialme	e porel yelmo	636
724	et son hauberc	e porla loriga	637
		asi que selo quebrantaron	638
725	et le blecent en pluisors lieus	e Ronpieron|Por muchos lugares	639|640
726	Mais il ne li chaut de rien qu il li facent	mas el no daua cosa	641
727|728	kar tant est dolens|que nus plus;	por aquello quele façian tanto estaua de sañudo	642
729	si lor laisse corre par grant ire	e dexo de correr aellos Con gran yra	643
730|731	et lor done de l espee|si grans cops	e dauales dela espada tales Golpes	644
732	que tos les fet guenchir avant lui	asi quelos façia de|si arredrar	645|646
733	Et lors esgarde celui des IllI	e Lançarote Paro mientes en	647
734	qui plus li faisoit mal	aquel que mas mal le façia	648
735	et cil estoit molt grans	que hera muy grande	649
736	et molt fors;	e muy fuerte	650
737	et Lancelos	e diole	651
738	qui le vient ataignant li done par mi le hialme		
739|740	si grant cop qu il en fet le feu saillir|et l espee glace	asi vn golpe tan grande ençima del yelmo	652
741	qui de droit ne fu pas ferue	que el fuego fiço salir del	653
742|743	si descent desus la senestre espaule|Li cops fu grans	e el golpe desçendio al honbro	654
744|745	et par ire ferus|et bien i parut	e Como fue dado de gran fuerça	655
746|747	que l espee cola par mi l espaule a al chevalier|si que li bras a tote l espaule chiet desus le pavement	asi que porla loriga no finco quele no derribase el braço conla espada en tierra	656
748	Et lors sont molt esmaié li autre troi	e el cauallero conel gran dolor cayo luego en tierra amorteçido|e los otros desque aquel golpe vieron fueron muy desmayados	657|658
749	si font molt malvés samblant d els deffendre	e fiçieron mal senblante dese defender porlos grandes golpes	659
750	por le grant cop qu il ont veu	que façia	660
751	et por l espee	e porla espada	661
752	que chescuns d els a ja sentie jusqu al sanc	que auia sentido cadavno enlas carnes	662
753	Et Lancelos lor cort sus	e lançarote no cato	663
754	et en fiert I	mas aquel|que derribo ante dio al otro vn tal golpe	664|665
755|756	el hialme|si qu il le fet flatir a terre d ambesdeus les paumes	por çima del yelmo quele fiço dar con anbas manos en tierra	666
757	Et quant li autre dui voient ce	e desque los otros esto vieron començaron a foir	667
758	si tornent en fuies vers l uis a garison;	por guaresçer	668
759	et Lancelos vint ataignant le deerrain	e lançarote alcanço	669
760	si le fiert par entre l escu	aquel que yua de tras	670
761	et le bras	e firiolo	671
762|763	si qu il li trenche le poing|et li escus chiet a terre	asi duramente entre el onbro y el escudo	672
764	et cil torne en fuies		
765	qui maheignié se sent	que tenia enbraçado	673
		que el braço conel escudo le fiço bolar en tierra	674
766	Et Lancelos vient a l autre	e el cauallero fuese fuyendo	675
767	qui ja se relevoit sel fiert de l espee	ansi llagado|como estaua	676|677
768	si grant cop qu il li fet le hialme voler en la place	e lançarote fuese enpos el otro|que auia fincado	678|679
		e firiolo	680
		asi enlo alcançado ençima del yelmo	681
769	Et quant cil sent son chief nu	que selo fiço volar dela cabeza	682
770	si cria merci	e el cauallero desque vido su cabeça desarmada Con pauor de muerte|que ovo pidio le merçed	683|684
771	et dist qu il ne l ocie pas	e dixole ay buen cauallero no me matedes	685
772|773	kar il est pres de sa volenté fere|Or te covient donc fet Lancelos fiancer	que yo fare toda vuestra voluntad tu me juraras dixo lançarote	686
774	que tu le cors mon seignor Galehout conduiras a la Dolerose Garde	que llebes el cuerpo demi señor galeote ala dolorosa guarda	687
775	et iluec le feras garder	e desque y fueres	688
776	tant que je i viegne;		
777|778	et se l en te demande|qui t i envoie	si te preguntaren quien te ymbia tu les diras	689
779	si diras « cil		
780	qui ot les ames blanches le jor	que el cauallero delas armas blancas	690
781	que li chastials fu conquis	que el castillo conquisto te ymbia alla	691
782	Et il li fiance	e el cauallero selo juro	692
783	que tot ensi le fera il	asi façer	693
784		e lançarote se fue luego parala tumba|e tomo a manos el cobertor Porel Cabo	694|695
785	si tire de grant force qu a pou qu il ne se deront tos	que mas hera grueso	696
786|787	si que li sans li vole par mi le nes|et par mi la boche	asi afuerça porlo leuantar quela sangre le quebro porla cabeça	697
788	et li cors li sue d anguoisse	e porlas narizes quelas açerdas de todo el cuerpo se le estendieron muy fuertemente|asi que	698|699
789	Mais por tote la destrece ne remaint qu il n ait la tombe levee en haut à; mes nule dolors qu il eust onques ne monte rien a cele dolor qu il ot	por fuerça ovo el cobertor a leuantar maguer Mucho hera pesado Mas nunca el tal duelo ovo|como estonçe	700|701
		e tal Pesar	702
790	quant il vit le cors Galehout tot ensi armé com il estoit;	quando el vido el cuerpo de Galeote|e estaua armado de todas armas	703|704
791	si trova s espee delés lui	e tenia su espada cabe	705
792|793	qui molt estoit|et bone	si que hera muy buena	706
794	et clere;	e clara	707
795	et sans faille de l espee meesmes se fust il ocis se la damoisele ne li eust tolue erraument	e sin falta el se ouiera conella muerto|si la donçella	708|709
796		Que del lago auia venido delas manos no sela tirara|e luego fiço façer lançarote vnas andas	710|711
797	et la fist covrir des plus riches pailes de laiens	e cobrir de muy Ricos paños	712
798	et quant il l ot atornee al plus richement qu il pot li chevaliers prisons li dist Sire fet il se l en movoit tot de nuis ce seroit sens	e poner enellas el cuerpo de Galeote|e el cauallero Dixo a lançarote señor yo vosloaria	713|714
799	—	si vos plugiese|que luego Mouiese de aqui conel cuerpo de galeote	715|716
800|801	Por quoi|? fet il	Porque dixo lançarote	717
802	—	porque señor dixo el cauallero	718
803	Por ce que se li chevalier de cest païs savoient	porque si los caualleros desta tierra lo supieren	719
804	que l en len deust porter il feroient gaitier les trespas	que de aqui lo queredes llebar faran guardar los tres pasos	720
805	si qu il seroit arestés en alcun lieu ;	asi que sera detenido en algund lugar	721
806	et por ce vos loeroie je qu il meust orendroit	e poresto seria bien	722
807|808	kar il seroit bien eslongiés ains qu il fust jors XX|lieues englesches	que nos alongasemos de aqui esta noche vnas diez leguas bien acordades Dixo lançarote	723
809	Et il s i acorde bien;		
810|811	si met la litiere sor Il|palefrois amblans	e luego fiço poner las andas sobre dos palafrenes muy andadores	724
812|813	et enportent ensi Galehout fors de sa region;|si en font li frere grant duel	e lleuarlo	725
814|815	et molt en sont corocié|et dolenta de ce	asi Mas mucho ouieron gran pesar los frailes	726
816	que l en l enporte	quando asi lo vieron lleuar	727
817	Et Lancelos le convoie grant piece de nuis plorant	e lançarote fue gran pieça llorando conel cuerpo de Galeote	728
818	et regretant sa proesce	e diçiendo sus proezas	729
819	et sa valor	e su valor	730
820	et se ne fust la damoisele	e si no fuese porla donçella	731
821	qui avec lui estoit molt en eust plus fet qu il ne fist	que del lago auia venido Mucho fiziera mayor duelo	732
822	mais ele l en detorna	mas ella selo estoruaua	733
823	et il deffendi al chevalier	e anteque lançarote del cuerpo se tornase Dixo al cauallero yo vos defiendo	734
824	que il nel feist en terre metre devant	Que el Cuerpo demi señor galeote no fagades enterrar fastaque yo mesmo alla vaya	735
825	que il fust venus	e el Cauallero dixo	736
826	Si se part atant li uns de l autre	que asi lo faria entonçe se partio dellos lançarote	737
827	et il retorne a l abeie	e tornose al abadia	738
828	si se couche c onques la nuit ne volt mengier ne boivre	mas en toda aquella noche no quiso comer ni veuer	739
829	por chose	por cosa	740
830	que l en li deist ains plora	que le dixesen|e non fazia sino llorar	741|742
831	et dolosa tot adés;	e mucho se quexaua	743
832|833	si li anuioit molt li jors|qui tant demoroit a venir	Porque tanto aquella noche le duraba	744
834	a Al matin	e luego	745
835|836	si tost com li jors aparut se leva|et oi messe entre lui	Que el dia aparesçio lançarote se leuanto	746
837	et la damoisele	e la donzella otrosi	747
838	et puis s arma	e fueron a oyr misa	748
839	Lors li dist ele les noveles de Boort	e desque la misa fue aCabada Armose|e despidiose del fraile	749|750
		e entro ensu camino conla donzella	751
		e ellos	752
		asi yendo la donçella le conto nuebas de boores	753
840	et ce qu ele en avoit veu devant Honguefort	e de|como le contesçiera enel castillo de ongeforte	754|755
841	et il en fu molt liés	e el fue dello muy alegre	756
		e ella le dixo sabed señor	757
842	Et ele li dist Sire il vos vet querant ne jamés ne finera tant qu il vos avra trové	que vos a buscado|e nunca jamas quedara fastaque vos falle Ay donçella dixo lançarote	758|759
843|844	— Damoisele fet il se vos le cuidiés trover ains de moi je vos voldroie proier|que vos feissiés tant	si vos lo cuidades fallar yo vos querria rrogar	760
845|846	por moi|que vos li portissiés ceste espee	que fiziesedes tanto pormi quele llebasedes esta espada	761
847	qui fu mon seignor Galehout	que fue demi señor galeote	762
848	et li dites qu il la DOrt de par moi	e dezilde quela traiga pormi amor	763
849	que molt est bone	ca mucho es buena	764
850|851	Et ele dist qu ele le trovera par tens|et bien fera cest message;	e fermosa yo lo fare dixo la donçella de grado Luego se partio el vno del otro	765
852|853	si s en part atant de lui|et il s en vet droit vers le chastel de Floego	e lançarote se fue contra el castillo de florenga	766
		e andubo tanto	767
854	si i vint a hore de prime	que llego alla ante de prima	768
855|856	Et il esgarde es pres defors la vile|si voit molt grant gent entor le feu ou l en devoit ardoir la suer Meleagan	e vio ante la villa gran jente alrrededor de vn fuego	769
857|858	et quant il aperçoit le feu|si a poor de la damoisele	e en aquel fuego auian de quemar ala hermanade meliangas	770
859	Lors broche le cheval	e lançarote	771
860	et vint errant cele part tant com il puet del cheval traire	que aquello vido dio delas espuelas al cauallo	772
861	Et quant il est venus jusque la	e llego alla	773
862	si esgarde	ca bien cuidaua	774
863	et voit la damoisele		
864	qui ja estoit amenee al feu	que ya quemauan la donçella	775
865	por destruire		
866|867	si estoit en pure sa chemise|et le tenoient	e quando el y llego vio la donçella estar ante el fuego envna muy pobre camisa	776
868|869	VI|pautonier trois d une part	e tenianla seis billanos tres dela vna parte	777
870	et trois d autre;	e tres dela otra	778
871	si n atendoient a geter le el feu fors le commandement as juges	e no esperauan al sino el mandamiento delos juezes parala hechar enel fuego	779
872	et ele ploroit trop durement	e la donzella lloraua muy fuertemente	780
873	et regretoit Lancelot Ha gentilx chevaliers Lancelos	e llamaua a lançarote	781
874	kar pleust ore a nostre Salveor	e deçia ay mi buen cauallero|e pluguiese agora anuestro señor	782|783
875	que vos seuissiés ceste novele	que supiesedes estas nuebas	784
876	si fuissiés pres de ci a demie lieue! Certes a l aide de Dieu	e estubiesedes çerca de aqui media legua|e conla ayuda de dios	785|786
877	et de la vostre seroie je encore anuit rescosse malgré tos mes enemis	e conla vuestra seria yo aCorrida|e librada	787|788
878	Mais vos ne le savés pas a	e mas vos no lo sabedes	789
879|880	si me covendra ore morir|por la vie	e asi me conuerna a morir	790
881	que je vos sauvai emprés Dieu;		
882	mais certes il ne m en poise pas tant	mas no me pesa tanto pormi	791
883	por moi com il fet	como porel pesar	792
884	por le coros		
885	que vos en avrois	que vos abredes	793
886|887	quant vos le savrois|Mais ce me reconforte molt	Quando lo supieredes Mas esto me conorta mucho	794
888|889	que je sai bien|que les damoiseles gaaigneront tant en ma mort	que yo se quelas donçellas ganaran mucho enla my muerte	795
890	que jamés nule ne vos requerra d aide	que jamas donzella no vos rrequirira de ayuda	796
891	que vos li faillois tant com il vos remenbre de moi	que le vos non fagades tanto|que vos acuerde demi	797|798
892	kar vostre cuers est	ca vos sodes tan noble	799
893	si frans qu il ne puet estre sans trop grant merites rendre a totes celes	e tan franco|que siempre dareis buen galardon a todos aquellos	800|801
894	qui de par moi se reclaiment:	que demi se lamentaren	802
895	si m est avis qu il m est molt miels a m ame de morir	e mucho me sera buena al alma esta muerte	803
896	por loialté fere	que Resçibire	804
897|898	et por geter de prison|si vaillant home comme vos	porque saque de prision atan noble ome Como vos	805
899	que vos fuissiés mors par la desloialté de Meleagan	que vos fuerades muerto porla deslealtad de meliangas	806
900	qui en prison vos avoit mis par traïson	que en prision vos tenia|por su gran traiçion	807|808
901	Ensi disoit la damoisele molt tendrement plorant	e esto deçia la donçella llorando muy dolorosamente	809
902	et lors vint Lancelos poignant cele part ou il la vit:	e lançarote vino luego aquella parte	810
903	si dist a cels	do la donçella tenian	811
904	qui le tenoient Laissiés la damoisele! —	e dixo aquellos|que la tenian dexadla donçella	812|813
905|906	Por quoi sire fet J|chevaliers armés	Porque señor dixo vn cauallero	814
907	qui avant saut le lairons nos	que delante salio la dexaran ellos	815
908|909	? —|Por ce fet il	Porque dixo lançarote	816
910	que vos n avés droit en li	Porque no auedes derecho	817
911|912	por fere mal|—	Porque la matar	818
913|914	Si avons fet cil|si grant	si auemos dixo el muy grande	819
915|916	que nos l avons atainte de murdre|dont je l apelai	ca ella fue acusada de muerte	820
917	et ele s en offri a deffendre	e ella se ofreçio a defender porvn cauallero	821
918	mais ele ne trova onques	mas nunca fallo cauallero	822
919	qui por li en prist escu	que porella quisiese tomar escudo	823
920	et ce n est pas merveille	e no es marauilla	824
921	que chescuns set bien quele en a desloialment ovré	ca cadavno sabe su deslealtad|e que es Esta deslealtad dixo lançarote	825|826
922|923	— De quoi|? fet Lancelos	Que es dixo el Cauallero	827
924|925	— De ce fet il qu ele delivra Lancelot|por Meleagan ocirre son frere	que solto De Prision a lançarote Para matar a meliangas su hermano	828
926			
927|928	—|Qui estes vos	si vos dixo lançarote osaredes mostrar	829
929|930	? fet cil|— Uns chevaliers sui fet Lancelos	que hizo deslealtad o traiçion enlo soltar yo so presto dela defender Quien sodes vos dixo el cauallero vn cauallero dixo Lançarote so	830
931|932	qui vieng ceste part|por ceste damoisele deffendre	que vengo aqui poresta donçella defender	831
933	— Par foi fet cil se je voloie il ne m en covendroit ja combatre	Por buena fee dixo el cauallero|si yo quisiere no me conbatiria	832|833
934	kar des ier en est ! ele atainte	mas sobre esta rrazon	834
		que ayer se cumplio el plazo enque ella se auia de defender	835
		mas yo se	836
935|936	puis qu ele ne pot trover|qui la deffendist	que no fallo quien la defendiese	837
937	mais je sent ma querele a	mas yo se|que ella es	838|839
938	si loial	asi enesto desleal	840
939|940	et si droituriere qu il n a chevalier el monde vers cui je ne l osaise bien prover au|? grant droit	que no a cauallero enel mundo conquien no me osare conbatir sobre esta Razon	841
941|942	que je i ai|— En non Dieu fet Lancelos or i parra	ansi me esfuerço enmi gran derecho enel nombre de dios dixo lançarote agora paresçera	842
943|944	que je sui pres|que je la desfende vers vos	que yo so presto dela defender de verdad dixo el cauallero porla mi caueza vos moriredes porende	843
945	— Voire fet cil par mon chief		
946	et vos en morrois comme traitres	como traidor	844
947	et desloials	e desleal	845
948	Lors traient la damoisele loins del feu	e luego tiraron la donçella del fuego	846
949|950	et li chevalier s entreslongent li uns de l autre|si s entrevienent	e los caualleros se dexaron correr el vno contrael otro	847
951	si tost com li cheval pueent aler	quanto los cauallos los pudieron lleuar	848
952|953	et s entrefierent des glaives|si durement qu il les font voler en pieces;	e firieronse delas lanças tan fieramente	849
954|955	puis s entrehurtent|si des cors	asi que las lanças fiçieron bolar en pieças	850
956	et des visages qu il n i a celui	e toparon envno delos cuerpos	851
957	qui tos ne soit estordis		
958	et desconreez	e delos yelmos	852
959|960	Mais li chevaliers par est|si estonés qu il ne se puet tenir en sele ains vole jus del cheval	que el caballero no se pudo tener enla silla ante cayo del caballo en tierra	853
961	et al parchaoir feri li quins del hialme en la terre	e al caer ouierasele el pesqueço de quebrar	854
962	si qu a bien pou qu il n a le col brisié	ca dio de cabeça del yelmo en tierra	855
963|964	Et quant Lancelos a fet son tour|si descent	e quando lançarote torno desçendio	856
965	kar honte li seroit de requerre a cheval celui	ca el lo no queria acometer de Cauallo	857
966	qui est a pié;	porque el estaua de pie	858
967|968	si trait l espee|et cort sus a celui	e metio mano al espada	859
		e fuese parael	860
969	qui ja se relevoit	que ya hera leuantado	861
970	si li done par mi le hialme tel cop qu il le fet a terre flatir des paumes	e diole tal golpe ençima del yelmo quele fiço dar de manos en tierra	862
971	et des genols ;	e el|que se yua	863|864
972|973	puis recuevre I|autre cop	por leuantar diole otro golpe dela espada	865
974|975	et le fiert|si qu il le fet tot parchaoir	que dio luego conel atordido en tierra	866
976	et le prent par le hialme	e tomolo Porel yelmo	867
977	si le traine jusqu al feu	e tiro tan Reçiamente|que selo arranco dela cabeza	868|869
978|979	et le gete dedens|Et cil estoit	E el finco muy estordido	870
980	si estordis	e sin fuelgo	871
981	et tant avoit perdue la force del cors	e asi auia perdido la fuerça del cuerpo	872
982	que relever ne se pot	Que se no podia rreboluer	873
		e lançarote tomolo porlos braços	874
983	si le covint remanoir el feu	e dio conel enel fuego	875
984	et morir en tel maniere	e dexolo ay morir ental manera	876
985|986	Et lors vienent avant cil|qui le champ gardoient	e luego vinieron a lançarote los quela guardauan	877
987|988	si dient a Lancelot qu il en a assés fet|et li rendent la damoisele saine	e dixeronle señor asaz auedes fecho	878
989	et haitiee	e los	879
		que tenian la donçella traxeronsela delante	880
990	et il la fet vestir	e el fizo la vestir	881
991	puis li demande qu ele velt qu il face mes	e dixole donçella|que queredes	882|883
992	Sire fet ele	mas que faga señor dixo ella	884
993|994	que vos me menés a salveté a mon chastel|Et il dist	que vaiades con migo fasta mi castillo Donçella muy de Grado dixo lançarote	885
995|996	que volentiers:|si le fet monter	e luego se fueron parael castillo	886
997	et le conduit jusqu al chastel ou ele l ot gardé maint jor	e aquel castillo auia nombre galeforte	887
998|999	|et seoit sor une petite riviere	e estaua ençima devna pequeña Ribera	888
1000	si estoit molt aaisiés de totes choses	e estaua bien asentado de todas partes	889
1001	et fors a merveille	e fuerte amarauilla	890
1002	Et quant Lancelos vint la il ne fet pas a demander se l en li fist joie	e quando lançarote y llego no cale demandar|si conel fizieron gran alegria	891|892
1003	kar cil del chastel savoient ja bien	ca los del castillo sabian muy bien	893
1004|1005	que lor dame estoit delivree par I|chevalier	como su señora hera ya librada Porvn cauallero	894
1006	qui o li venoit	que auia venido	895
1007|1008	Et quant il le virent|si le reçurent a	e quando los del castillo los vieron venir a lançarote	896
1009	si grant joie com se ce fust Damedieu meismes	ansi lo Reçiuieron con gran alegria|como si la madre de dios Mesma fuese	897|898
1010	et s agenoillent tuit devant lui	e fincaban los ynojos|por do el venia	899|900
1011	et crioient a une vois tuit ensamble Sire sor tos cels del monde soiés vos bien venus	e deçian todos avna voz bien venga el buen cauallero sobre todos los omes del mundo	901
1012	qui nostre grant duel avés torné en grant joie A tel feste ont laiens Lancelot receu	Que nuestro duelo torno en alegria A tal Plazer y a tal alegria fue lançarote rrescebido enel castillo	902
		como vos digo	903
1013|1014	et quant il ont la damoisele descendue devant son mestre palés|si s en volt aler maintenant	e desque la donçella desçendio antesu gran palaçio luego se quiso yr don lançarote	904
1015	kar il n estoit mie encore plus de tierce	que aun no hera|mas de terçia	905|906
1016	Mais ele le prist al frain	mas ella lo tomo porel freno	907
1017	et le fist descendre a fine force a	e lo fiço decender a fina fuerça|e dixole	908|909
1018|1019	et dist Par Sainte Crois|vos ne m eschaperois mie ensi	Por sancta cruz don cauallero vos no me escaparedes	910
1020	Lors le commande a desarmer	ansi e luego lo mando desarmar	911
1021	et vaslet saillent avant	e los escuderos	912
1022	por fere son commandement a;	que y estauan fizieron luego su mandado	913
1023|1024	et tantost com il ot son hialme osté|et ele le conut	e luego quele tiraron el yelmo la donzella corrio ael	914
1025|1026	si li cort les bras tendus|et le volt baisier en la boche	e echole los braços al cuello	915
1027	quant il li guenchist		
1028	et ele li baise la face		
1029	et le col	e enla faz	916
1030	et le menton		
1031|1032	puis que autre chose n em puet avoir b;|si plore de pitié	e començo a llorar con piedad	917
1033	et li dist Ha gentilx chevaliers tant vos avoie desirré a veoir ains	e dixo ay señor|quanto vos deseaua ver anteque muriese	918|919
1034	que je moreuisse!		
1035|1036	Mais comment l avez vos|puis fet	e como vos a ydo despues	920
1037|1038	?|Et il li dist Bien Dieu merci	que vos vi muy bien dixo lançarote merçed a dios señor dixo la donçella	921
1039	—		
1040	Et ceste part fet ele comment venistes vos	como vos auino de venir|asi contraesta parte	922|923
1041	qui avant ier vos en partistes	que aun tan poco|a que vos partistes demi	924|925
1042	? — Par foi fet il une grant acheison	por buena fee dixo lançarote|Por buena auentura	926|927
1043	m i amena	que me auino	928
1044|1045	Si li conte comment|I	e luego le Conto	929
1046|1047	chevalier o unes armes vermeilles l avoit apelé de traïson a la cort le roi Artu|por la mort de Meleagan;	como vn cauallero le Recto de traiçion enla corte del Rey artur Porla muerte de meliangas	930
1048|1049	si l en covient a deffendre en la cort le roi Baudemagu|Ha fet ele je sai bien	e heme a defender enla corte del Rey bandemagus ay señor dixo ella yo se quien es cauallero	931
1050	qui il est		
1051|1052	C est Argodras li Ros|et li chevaliers	Ca es argodras el Rubio hermano del cauallero	932
1053	que vos avés hui ocis	que agora matastes	933
1054|1055	et ars estoit ses freres;|si ne sai	mas señor no se	934
1056	que vos puissiés fere	que vos faga	935
1057|1058	kar se mes peres set|que vos aiés ocis Meleagan je criem qu il ne vos face ocirre	ca e miedo	936
1059	por le grant duel qu il avra des noveles	que si mi padre sabe	937
1060|1061	— Coment|? fet Lancelos nel set il mie encore	como matastes a meliangas	938
1062|1063	? — Certes sire nenil;|si est Meleagans en cest païs aportés plus a de XV	que vos faga matar porel gran pesar	939
1064|1065	jors|et est el chastel des Illl	que abra destas nuebas	940
1066	Pierres	como dixo lançarote no lo sabe	941
1067|1068	et le gardent iluec|si celeement	ansi me ayude dios dixo ella no maguer	942
1069	que li rois n en set encore riens:	que a quinze dias	943
1070|1071	si en covendra esploitier al plus sagement|que vos porrois	que an traido aesta tierra el cuerpo de meliangas	944
1072	Mes a	mas tienenlo enel castillo delas quatro piedras muy encubiertamente quelo no sepa su Padre	945
1073|1074	quant est li jors|que vos vos en devés deffendre	e ansi vos conuiene de vos encubrir muy sabiamente	946
1075|1076	?|Et il dist	mas quando es el dia	947
1077|1078	que c est le jor de la Magdalaine|Or vos en conseut Diex fet ele	que vos auedes de defender el dia dela magdalena dixo lançarote	948
1079	kar j ai grant poor	si dios me ayude dixo la donçella yo he gran miedo	949
1080	que Argodras ne vos face anui par traïson	que vos el faga matar algodras|por Alguna traiçion deso dixo lançarote no ayais Miedo	950|951
1081	— De ce fet il n aiés ja garde! Tot son pooir en face	e el faga todo su poder|Ca yo me guardare deGuisa	952|953
1082	que je n en avrai ja poor	Que no aya del pabor Conel ayuda de dios	954
1083	Assés parlerent cele nuit de maintes choses a	Asi fablaron toda aquella noche de muchas cosas	955
1084	et molt firent cil del chastel grant joie de lor dame qu il cuidoient avoir perdue	e Mucho façian gran alegria los del castillo|porque asi auian cobrado a su señora	956|957
1085	et or l ont saine	Que ayudauan ental manera Perder	958
1086|1087	et haîtie|Et al matin	e enla mañana en	959
1088	si tost com li jors parut cler se leva Lancelos	quanto el dia aparesçio claro se leuanto lançarote	960
1089	et se parti de la damoisele	e se partio dela donçella	961
1090	quant il fu armés;	e des|que fue armado	962|963
1091	et ele le commande molt a Dieu	e la acomendo a dios Señor dixo la donçella yo vos Ruego	964
1092	et li pria qu il s en revenist par li al repairier;	Que al tornar vengades|Por aqui de Grado dixo lançarote	965|966
1093	et il dist	si pudiere	967
1094	que si feroit il s il pooit		
1095	Si se remet en son chemin	e luego se metio enel camino	968
1096|1097	et eirre tot le jor jusqu al vespre|et lors aproche d une riviere	e andubo todo aquel dia porvna rribera ayuso fasta visperas	969
1098	que l en apeloit Aglonde		
1099|1100	si en estoit l eve molt parfonde|et molt noire	e el agua hera fonda y negra	970
1101|1102	Et quant il vint pres de l eve|si vit trois paveillons tendus pres de la rive;	e desque fue çerca del agua vio tres tiendas çerca dela rribera	971
1103	si en estoit li uns grans	e la vna hera muy grande	972
1104	et bials		
1105	et li autre dui estoient moien	e muy fermosa|e las dos heran	973|974
1106|1107	Et lors issi del greignor paveillon I|chevaliers tos desarmés	mas pequeñas	975
1108	qui li dist	e luego	976
1109	que bien soit il venus	que ay llego lançarote vio salir dela mayor tienda vn cauallero desarmado quele dixo señor vien vengades	977
1110|1111	et il li rent maintenant son salu|Ha sire fet il vos me samblés chevaliers errans	e lançarote le torno sus saludes buen señor dixo el cauallero dela tienda vosme semejades Cauallero andante	978
1112|1113	et je aim tos cels|qui en tel mestier usent lor vie	e porque ya fue tiempo	979
1114|1115	kar je meismes sui chevaliers errans|et por ce vos vueil je proier	que yo mesmo fui cauallero andante Ruego vos	980
1116	que vos herbergiés anuit mes o moi;	que esta noche aluerguedes Conmigo	981
1117	kar se vos passés avant de ci vos ne troverois se forest non	Ca si de aqui partides non fallaredes sino floresta muy yerma	982
1118	si salvages	e saluaje	983
1119	que vos i porrois tost desvoier	que no fallaredes	984
1120	Et il est bien tens de herbergier ce veés vos bien :		
1121|1122	por ce vos lo|que vos remanois	do aluergar esta noche	985
1123	et vos avrois ostel bel	e poresto vosloaria	986
1124	et buen tot a vostre voloir	Que finquedes aqui esta noche	987
1125	— Bials sire fet Lancelos		
1126|1127	puis qu il vos plest je remaindrai|et por vostre proiere	e abredes muy buena Posada a toda vuestra voluntad buen señor dixo Lançarote yo fincare pues vos plaz Porvuestro Amor Pues dezides	988
1128	et por ce		
1129	que vos dites		
1130	que vos estes chevaliers errans	Que fuistes cauallero Andante	989
1131	a Lors descent		
1132|1133	et vaslés saillent des autres paveillons|si le desarment	e luego salieron delas tiendas escuderos Quelo desarmaron	990
1134|1135	et li aportent I|mantel de samit legier a afubler	e desque fue desarmado Truxeronle vn manto de xamete	991
1136	por le chaut	para cubrir Porla calor	992
1137	qui grans estoit a;	que façia grande	993
1138	si le mainent el grant paveillon avec l autre chevalier	e entonçe se entraron el cauallero	994
1139	Et lors parlerent ensamble	e lançarote enla tienda	995
1140	et s entracointierent	e asentaronse	996
1141	et demanda li uns a l autre de son estre	e començaron a fablar envno	997
1142|1143	Li chevaliers enquiert a Lancelot|dont il vient	e el cauallero le pregunto	998
1144	et ou il vet	e dixo señor	999
1145	et quele aventure le maine	que auentura os lleba	1000
1146	si sol	asi solo	1001
1147|1148	et il li conte une partie de son estre|et autre l en çoile e;	e lançarote le conto toda su façienda enpero todavia le dixo	1002
1149	et totes voies li dist		
1150|1151	que en la cort al roi Baudemagu voldroit estre|por soi deffendre vers un chevalier	que yua ala corte del Rey bandemagus aque dixo el cauallero ame defender devn cauallero dixo lançarote	1003
1152	qui l a apelé de traïson	que me Recto de traiçion|e ellos	1004|1005
1153	En ce qu il parloient ensi orent li escuier mise la table	asi fablando entro vn escudero|e puso la mesa	1006|1007
1154|1155	si vont laver;|si s asiet Lancelos	e asentose el cauallero a comer	1008
1156	et li chevaliers	e lançarote	1009
1157|1158	et une damoisele|qui molt ert bele	e vna donzella muy fermosa	1010
1159	et estoit amie al seignor de laiens;	que hera amiga del cauallero|mas la donçella en	1011|1012
1160	si mengierent tuit troi ensamble	quanto vido a lançarote	1013
1161	mes cele	ansi lo cataua	1014
1162|1163	qui Lancelot esgarde ne se puet saoler de lui veoir Kar tant li samble bials qu ele ne prisa onques mes bialté d ome envers cesti :|si l esgarde	que no se hartaua delo ver enque lo via tan fermoso	1015
1164	si viselment	e no cuidaua	1016
1165	que tot en laisse le mengier n a autre chose n entent	que tan fermoso ome pudiese auer enel mundo	1017
1166	fors a lui remirer	e asi lo estaua catando	1018
		que no podia comer	1019
1167	Si ont li escuier osté le premier mes de sor la table c onques la damoisele n en tasta ains pensa totes voies	que auia el escudero tirado el primero manjar dela mesa|e ella no auia metido vocado enla voca	1020|1021
1168	Et en cel pensé li descent el cuer une	e la donçella|asi lo catando començo a pensar tan fieramente	1022|1023
1169	si grant amor qu ele aime Lancelot outre ce	que no hera sino marauilla|e ella	1024|1025
		ansi pensando cayo vn amor ensu corazon quelo començo	1026
		ansi a amar a lançarote	1027
1170	que feme n ama mes home;	que mas muger podia a ome amar	1028
1171	si li est avis	e deçia entresi mesma	1029
1172	que s il l amoit qu'ele seroit beneuree	que si la el quisiese amar|que se ternia porla	1030|1031
1173	Mais ci endroit n em parole plus li contes lkar ça avant le devisera	mas bien auenturada muger del mundo|mas de	1032|1033
1174|1175	et comment ele l ama merveillosement|et comment ele le proia	como ella amo muy afincadamente a lançarote	1034
1176	et la merveille	e delas cosas	1035
1177	que ses amis en fist	que su amigo fiço	1036
1178	quant il sot qu ele l amoit	quando sopo|que ella tan desmesuradamjente lo amaua	1037|1038
1179	et comment cele morut	e de|como ella murio	1039|1040
		quando supo	1041
1180	por ce qu il la refusa tot ce vos trespassera li contes ci endroit	que lançarote no la queria amar todo lo dexa aqui el Cuento de contar	1042
1181	por deviser une aventure qu il lor avint el paveillon ou il estoient	Por contar vna auentura|que les auino enla tienda	1043|1044
1182	Ci dist li contes que	do estauan comiendo Dize el cuento	1045
1183	quant il orent le secont mes eu es vos un chevalier armé d unes armes vermeilles	que ellos estando comiendo|asi como vos digo he aqui	1046|1047
1184	qui vint corant par devant le paveillon o grant compaignie de chevaliers	por do viene|por antela tienda vn cauallero convnas armas vermejas con gran conpaña de caualleros	1048|1049
1185	Et cil as armes vermeilles	e el Cauallero delas armas vermejas	1050
1186	qui devant venoit entre el paveillon a	que delante venia entro enla tienda	1051
1187|1188	et voit|I	e vio vn escudero	1052
1189|1190	escuier|qui servoit a la table	que seruia antela mesa	1053
1191|1192	si estoit freres al chevalier de laiens|Et il cort maintenant cele part	e el cauallero enque lo vido fue contra el	1054
1193	si le prent par les espaules	e tomolo porlos braços	1055
1194	et le lieve devant lui sor l arçon de la sele	e pusolo antesi sobre el cuello del cauallo	1056
1195	si s en torne a tot	e salio conel dela tienda	1057
1196	Et quant cil del paveillon voit ce	e el cauallero quelo vio	1058
1197	si crie a Lancelot Ha bials sire je sui mors se cil enporte ensi mon frere	ansi lleuar començo a dar vozes a lançarote ay señor muerto so|si asi me lleba a aquel escudero mi hermano	1059|1060
1198	kar il l ocirra s il n est secors:	Ca lo matara|si lo no acorredes	1061|1062
1199	si vos pri	e porende vos Ruego	1063
1200	por Dieu	por dios	1064
1201	que vos i metés paine	que me ayudedes alo cobrar	1065
1202	Et Lancelos saut de la table	e lançarote salio luego dela mesa	1066
1203	et demande ses armes	e pidio sus armas a vn su escudero	1067
1204	et I	Que y estaua le dixo señor	1068
1205|1206	escuiers vint avant|si li dist Par foi sire vos armes	Por buena fee el cauallero vos a hecho llebar vuestras armas	1069
1207|1208	et vostre cheval enmainent il ! — Voire fet il|par mon chief ja	e vuestro cauallo pormi cabeza dixo lançarote ni	1070
1209|1210	por ce ne remaindra|que je nes sieve	por eso non fincara quelo non siga	1071
1211		e luego salio lançarote dela tienda	1072
1212|1213	et li chevaliers o lui|et il esgarde cels	e el cauallero conel	1073
1214	qui s en vont		
1215	qui ja avoient passé l eve par J		
1216	pont de fust;		
1217|1218	et Lancelos demande al chevalier s il remaindra|Sire fet il nenil ains vos ferai compaignie	e vieron yr los caualleros pasando el agua Porvna puente de madero señor dixo lançarote al cauallero fincad vos aqui no fare dixo el	1074
1219	tant que nos aions trové	mas antes yre con vos fasta	1075
1220	qui armes vos baut	que falledes quien vos de armas	1076
		e cauallo enque sigades el cauallero Luego se començaron de yr	1077
1221|1222	Lors acueillent lor voie tot a pié|et vienent au pont	e andubieron tanto fastaque llegaron ala puente de madera	1078
1223	si passent outre	e pasaronla	1079
1224	et s adrecent a I	e fueronse contravn otero	1080
1225	tertre par ou li chevalier s en vont;	Por do los caualleros se yuan	1081
1226	si n ont gaires alé	e lançarote	1082
1227|1228	quant il encontrent I|chevalier armé d unes armes noires	e el cauallero fueron tanto enpos ellos fastaque encontraron vn cauallero armado devnas armas negras	1083
1229|1230	qui venoit al pont par I|chemin de travers	que venia ala puente porvn sendero pequeño altrabes	1084
1231|1232	Et quant il voit Lancelot|si s areste	e quando el vio a lançarote luego lo conoçio	1085
1233	por ce	e estovo quedo fastaque llego	1086
1234	que bien le conoissoit	e dixole señor	1087
1235|1236	si li demande ou il vet ensi a pié tos desammés|Qui estes vos sire chevaliers fet Lancelos	do ydes	1088
1237	qui me demandés ou je vois	asi de pie|e desarmado	1089|1090
1238|1239	? — Je sui fet il I|chevaliers d estrange païs	e quien sodes vos dixo lançarote yo so dixo el vn cauallero destraña tierra	1091
1240	mais molt me merveil de ce	que mucho me marauillo	1092
1241	que je vos voi ensi aler	porque vos veo yr	1093
1242	Et Lancelos li conte comment il estoit herbergiés		
1243	et comment I	asi e apie	1094
1244	chevaliers vint laiens ou il menjoit	e lançarote lo conoçio	1095
1245	qui prist a force I	e començole a contar	1096
1246|1247	vaslet|et le mist sor le col de son cheval	como el cauallero lo aluergara	1097
1248	Et encore m a il plus meffet fet Lancelos	e como el otro les llebo el escudero	1098
1249	kar cil	que ala mesa seruia afuerça ençima del cauallo	1099
1250|1251	qui avec lui vindrent enporterent mes armes|et enmenerent mon cheval a —	e como le fiço llebar sus armas	1100
1252	Quel guerredon fet cil porroie je atendre de vos se je	Que galardon me daredes dixo el cauallero	1101
1253	por vos me desarmoie		
1254	et vos bailloie mes armes	si vos diese mis armas	1102
1255|1256	et mon cheval|? — Certes fet Lancelos tel com vos deviseriés	e mi cauallo porçierto dixo lançarote tal qual vos supieredes deuisar	1103
1257	— Se vos fet il el premier lieu ou je vos troverai armé	si vos me juraredes dixo el Cauallero|que enel primer lugar	1104|1105
1258	por que je soie desarmés me creantés a doner vos armes ¡e vos bailleroie les moies	que vos fallare armado|e yo fuere desarmado me dedes vuestras armas yo vos dare estas mis armas	1106|1107
1259|1260	— Certes fet Lancelos|si ferai je	e mi cauallo Muy de grado dixo lançarote ental	1108
1261	por que vos ne me truisiés combatant	que me non falledes conuatiendo	1109
1262	Et cil descent maintenant	e luego selo juro entonçe desçendio el cauallero desu cauallo	1110
1263	si se desarme	e desarmose	1111
1264	et baille a Lancelot tot son hernois	e dio todas sus armas|e su Cauallo a Lançarote	1112|1113
1265	et il s en appareille	e Lançarote se armo	1114
1266	et monte en son cheval	e subio enel cauallo	1115
1267	puis dist a son oste qu il s en retort; Imes il dist	e dixo asu huesped	1116
1268	que non fera	que se tornase No fare dixo el huesped	1117
1269	Si ferois fet Lancelos a lar je conoistrai bien les armes a celui	si faredes dixo lançarote|que yo conoçere vien el cauallero enlas armas	1118|1119
1270	que je vois querant en quelque lieu je les truisse	que lleba en qualquier lugar	1120
1271|1272	Et cil dist|puis qu il velt s en retornera:	que el vaya yo me tornare dixo el huesped pues vos plaz	1121
1273	si s en vet	E luego se torno	1122
1274	et enmaine o lui le chevalier	e llebo consigo el cauallero quelas armas auia dado a lançarote	1123
1275	qui molt est liés de ce	que yua muy alegre de aquello	1124
1276|1277	que Lancelos li doit I|guerredon	que lançarote le auia prometido	1125
1278|1279	Et Lancelos aquelt son chemin aprés cels|que	e lançarote se fue porel camino enpos el cauallero	1126
1280	? il sieut tant qu il est venus el tertre en haut	e andubo tanto fasta|que paso porel otero	1127|1128
1281	et lors voit devant lui la forest	e llego avna floresta	1129
1282	que l en apele la forest des Trois Perilx	que llamauan la floresta delos tres pilares	1130
1283	et ce	e porque fue ella	1131
1284	por quoi ele fu ensi apelee devisera bien li contes ça avant	asi llamada este cuento lo deuisara aca adelante	1132
1285	Quant il fu amont el tertre	Quando el llego ala floresta	1133
1286	si esgarde devant lui		
1287|1288	mais il ne voit nul de cels|que il queroit	e no vido aquel enpos quien yua	1134
1289	kar il s estoient ja ferus en la forest		
1290	Et totes voies sieut il les esclos des chevals		
1291|1292	tant que il vient a l entree de la forest;|et lors encontre une damoisele tote chenue	e fue entonçe porende muy triste entonçe encontro vna donçella envn muy fermoso palafren	1135
1293	qui chevalchoit molt cointement	que hera toda cana	1136
1294	et estoit tote deslie ses treces par ses espaules comme pucele	e lleuaua los cauellos tendidos porlas espaldas|como si fuese muy moça	1137|1138
1295|1296	et avoit en son chief l|chapel de roses	e traia vn capillejo de Rosas enla cabeça	1139
1297	kar c estoit entor la Saint Johan	Ca hera entonçe|por sant juan	1140|1141
1298|1299	Il le salue|et ele li dist	e lançarote lo saluo	1142
1300|1301	que bone aventure li doinst Diex|Damoisele fet il me savriés vos a dire	e ella lo torno sus saludes Donçella dixo lançarote saberme yades enseñar	1143
1302	quel part uns chevaliers o unes armes vermeilles s en vet	por do va vn Cauallero devnas armas bermejas	1144
1303	? — En non Diex fet ele je le vos enseigneroie bien se je voloie	Por dios dixo ella yo voslo enseñare bien|si quisiere dezidme dixo lançarote	1145|1146
1304	— Dites le moi fet il par covent	Por tal conuenençia	1147
1305	que je soie vostre chevaliers el premier lieu ou vos me requerrois	que yo sea vuestro cauallero enel Primer lugar	1148
1306	— Se vos me creantés fet ele	que me rrequerades Si vosme jurades dixo la donçella	1149
1307|1308	que vos me sievrois de|quel hore	que vayades conmigo luego enla ora	1150
1309|1310	que vos en semoigne je le vos enseignerai|Et cil li creante	que vos llamare yo voslo mostrare	1151
1311	dont il se repenti		
1312|1313	puis molt durement tel hore fu|Or alés fet ele tot cest chemin	e lanzarote lo juro luego donde el se arrepintio despues muy duramente tal ora fue Vos yredes poreste camino dixo la donzella fasta	1152
1314	si li mostre I		
1315|1316	sentier estroit|qui aloit al travers de la forest	que falledes vn sendero atrauieso dela floresta	1153
1317	Si ne tornés fet ele de nule part	e entonçe tomaredes aquel sendero	1154
1318	et quant vos avrois alé entor demie lieue	e desque hubieredes porel andado	1155
1319|1320	si verrois delés I|vivier trois paveillons tendus	quanto vna legua fallaredes antevn nogal tres tiendas Armadas	1156
1321	La dedens troverois le chevalier	e enla vna dellas fallaredes el Cauallero	1157
1322|1323	que vos querés|que l en apele Arramant le Gros;	que buscades aque llaman aramante el grueso	1158
1324|1325	si le conoistrois a ces enseignes qu il a en mi le front II|plaies	e vos lo conoçeredes porestas señales en medio dela frente ados llagas agora vos podedes yr	1159
1326	Or vos en poés aler		
1327	mais que vos m aiés dit vostre nom	mas anteme deçid|como auedes nombre	1160|1161
1328	Et il se nome molt a envis	e el se nombro mucho amidos	1162
1329|1330	et totes voies li dist qu il a non Lancelot del Lac|Alez a Dieu fet ele	e dixo yo he nombre Lançarote del lago Lançarote se partio luego dela donçella	1163
1331			
1332	et s en vet tot le chemin qu ele li avoit enseigné	e fuese Porel camino|que ella hauia mostrado	1164|1165
1333	si grant aleure com il plus puet del cheval traire	e yua tan apriesa|quanto el cauallo podia andar	1166|1167
		e andubo	1168
		asi fasta	1169
1334|1335	tant que il atainst les chevaliers|que il sievoit	que alcanço los caualleros depos quien yba	1170
1336|1337	Et cil lor i escrie|si haut	e el les començo a dar vozes de	1171
1338	que bien porent oîr	quanto vido|que le podian oyr	1172|1173
1339	et maintenant li vient acorant li uns d eus l escu al col le lance el poing	e luego vino contrael vno delos caualleros el escudo al cuello	1174
1340	et fu armés de totes armes	e la lança enla mano armado de todas armas	1175
1341	Et Lancelos le fiert	e lançarote lo yryo	1176
1342	si que pour le hauberc ne remaint qu il ne li met par mi le cors le fer del glaive	asi tan duramente|que porel escudo ni porla loriga no finco quele no metiese la lança pormedio del cuerpo	1177|1178
1343	si l empaint bien com cil	e dio conel gran cayda en tierra Como	1179
1344|1345	qui assés ot|et cuer	aquel que hera de Gran fuerça	1180
1346	et force:		
1347	si le porte del cheval a terre		
1348	et retrait son glaive a lui;		
1349|1350	si voit I|autre venir tot appareillié de joster	e Luego vino otro contrael aparejado de Justar	1181
1351|1352	et il nel refuse pas ains li torne le chief del cheval|et cil	e lançarote no Rehuso ante boluio la Cabeza del cauallo alla	1182
1353	qui vint acorant li done tel cop en l escu	do lo vyo venir|e el cauallero lo firio	1183|1184
1354	que tote sa lance vole en pieces	ansi que su lança le quebro En medio del escudo	1185
1355	Et Lancelos	e lançarote lo hirio	1186
1356	qui un poi porta sa lance bas	ansi vn poco baxo	1187
1357	l'ataint par desus l arcon de la sele a	asi ençima del arçon dela silla	1188
1358	si le fiert		
1359|1360	si que les mailes del hauberc ne pueent soffrir le grant cop|que li glaives ne li voist par mi le cors	asi quela loriga no lo pudo defender quela lança no le metiese pormedio del cuerpo	1189
1361	si que li fers pert d autre part;	asi que la Lança paresçio dela otra parte	1190
1362	si l empainst	e Dio conel	1191
1363|1364	si durement qu il le porte a terre|et lui	e conel Cauallo envno en tierra Mucho se Marauillaron los otros Caualleros desto	1192
1365	et le cheval	e dixeron	1193
1366	Et lors dient cil		
1367	qui devant s en aloient		
1368	que molt joste bien li chevaliers quant	que mucho Justaua bien el Cauallero	1194
1369|1370	Il|de lor meillors compaignons a ensi abatus	Que dos delos mejores Conpañeros auia derribado	1195
1371	Et Lancelos laisse corre a els tos	e lanzarote se lanço entonçe entre ellos	1196
1372	qui encore estoient nuef;	que heran veinte	1197
1373	si ot l espee traite	e el conla espada enla mano	1198
1374|1375	por ce|que ses glaives estoit brisiés al chevalier qu il ot derrainement abatu ;	que la lança hera quebrada	1199
1376	si lor detrenche lor escus	e començo a derribar escudos	1200
1377	et lor depiece lor hialmes	e a cortar yelmos	1201
1378	et lor ront les haubers sor les bras	e lorigas ençima de braços	1202
1379	et sor les espaules;	e de espaldas	1203
1380	si fet tant par sa proesce	asi que tanto hizo Porsu proeza	1204
1381|1382	que tuit cil|qui le voient s en merveillent	que quantos lo vian se marauillauan ende mucho	1205
1383|1384	Et la ou il voit le chevalier as armes vermeilles|si nel mesconoist pas ains li adresce par mi els tos	e Quando vido el Cauallero delas armas vermejas ende endereço contrael	1206
1385	et li done	e dixo esperad Cauallero	1207
1386|1387	si grant cop par mi le hialme|que cil est	e diole vn tal golpe dela espada de toda su fuerça sobre el yelmo	1208
1388	si estordis qu il ne se puet es arçons tenir ains vole a terre	que dio conel en tierra estendido	1209
1389|1390	Et Lancelos li va par desus le cors a cheval|tant que cil pert la vertu	e traxo al cauallo tantas vezes sobre el quelo dexo medio muerto	1210
1391|1392	et la force tote a|Et lors sont li autre molt esmaié	e quando los otros caualleros esto uieron fueron muy escaidos	1211
1393	kar bien cuident	Ca bien Cuydauan	1212
1394|1395	que cil soit mors|qui lor sires estoit;	que su señor hera muerto	1213
1396	si se metent en paine del vengier	e metieronse en auentura de muerte lo vengar	1214
1397	et corent sus a Lancelot tuit ensamble	e dexaronse yr ael muy determinadamente|e lançarote	1215|1216
1398	Mais il nel truevent pas	que desto no se espanto ni vn poco	1217
1399|1400	si esbahi qu il ne soit tos pres de soi deffendre;|si lor abandone son escu	Ca bien se cuydaua defender baldonaua a todos su escudo	1218
1401|1402	et tient l espee|dont il lor done grans cops par la ou il les ataint ne onques	e daba tales Golpes consu espada	1219
1403	por pooir qu il aient ne li porent tolir terre ains se met par mi els maintes fois		
1404	quel gré qu il en aient	Que aquel	1220
1405	Et de tant li avient il bien qu il n aconsieut chevalier a droit cop qu il ne face s espee sentir en char nue ou il nel port del cheval a terre:	que alcançaua aderecho golpe le fazia sentir la espada enla carne desnuda|e daua conel del cauallo en tierra	1221|1222
1406	si lor esrache les escus des cols	e les quebranto los yelmos enlas cabeças	1223
1407	et les hialmes des testes		
1408	et lor decoupe poins	e les cortaba piernas	1224
1409	et bras a	e braços|e	1225|1226
		asi que quanto alcançaua todo lisiaba	1227
1410	et se hurte en els de cors	Que delos golpes dela espada	1228
1411	et de cheval ;	que delos Pechos del caballo	1229
1412	si en a V	e asi abia los çinco a tales partido	1230
1413|1414	si atornés qu il gisent a terre|si conreé qu il n ont pooir de relever	que non podian bollir pie ni mano tales yazian en tierra	1231
1415	Quant li autre voient ce	e quando los Caualleros vieron las marauillas de armas	1232
1416	si lor est avis que s il i demorent plus il n em pueent eschaper sans morir	Que el façia luego vieron queles conuenia morir	1233
1417	et por ce s enfuient al plus tost qu il pueent vers la forest ou il la voient plus espesse	si mas ay porfiasen entonçes començaron todos a fuir contrala floresta ado vian la mayor espesura	1234
1418	Et Lancelos ne les sieut mie granment ains retorne al chevalier qu il ot abatu celui as armes vermeilles	Quanto los cauallos los podian llebar Mas lan çarote no los quiso seguir|mas antes se fue al cauallero delas armas vermejas	1235|1236
		que auia derribado	1237
1419|1420	kar il voldra savoir|qui il est	Por saber quien hera	1238
1421|1422	Et quant il i est venus|si trueve l escuier	e quando lançarote ay llego luego fallo el escudero	1239
		que ante el estaua enla tienda	1240
1423	que il queroit	que auia tomado	1241
1424	que on avoit mis sor I		
1425	roncin a les mains liies triés le dos	e estaua envn rroçin las manos atadas atras	1242
1426|1427	et vient a lui|si le deslie	e fue luego alo desatar	1243
1428|1429	Et quant il se sent delivrés|si li chiet as piés	e el escudero enque se vio libre hecho sele alos pies	1244
1430	et le mercie de Dieu ;	e agradesçio mucho a dios	1245
		porque asi lo auia librado	1246
1431	et Lancelos descent	e lançarote desçendio del cauallo	1247
1432	si li baille son cheval a garder	e diolo al escudero	1248
1433	puis vet al chevalier	e fuese al cauallero	1249
1434	qui ja s estoit relevés en son seant	que estaua ya ensu acuerdo|e se Reuoluia porse leuantar enpero estaua aun atordido	1250|1251
1435	si estordis qu il ne veoit gote	que no via ni aun gota	1252
1436|1437	Et Lancelos li esrache le hialme de la teste|si felenessement	e lançarote quitole el yelmo dela cabeça tan rreçio	1253
1438	que cil flatist à terre des paumes	que dio conel en tierra delas manos	1254
1439	et de tot le viaire;	e delas Rodillas	1255
1440	si saine del nes	e al arrancar desollole las narizes	1256
1441	et del front trop durement	e la frente|que la sangre le hizo ende salir muy fieramente	1257|1258
1442	Et Lancelos dist qu il l ocirra s i ne se tient	e dixole|si te no tienes	1259|1260
1443|1444	por outré;|et cil est	por vencido yo te matare	1261
1445	si esmaiés a qu il ne li puet respondre ains gist pasmés adens	e el cauallero estaua atal quele no podia rresponder|e asi estaua amortesçido	1262|1263
1446|1447	Et Lancelos le redrece|si le trueve	e lançarote catolo	1264
1448	si ensanglenté qu il cuide bien	e fallolo todo sangriento|e bien cuydo	1265|1266
1449	que il soit mors	que hera muerto	1267
1450	et lors se repent de ce	e mucho se arrepintio	1268
1451	que tant li avoit fet mal;	porque tan mal lo auia fecho	1269
1452	si s asiet les lui	e tirose del todo	1270
1453	por veoir	por verlo	1271
1454	que il fera	que aria	1272
1455	Et ja se relevoient troi de cels	e los tres caualleros|que ante derribara començaronse a Reboluer	1273|1274
1456|1457	qui a terre avoient geu|et Lancelos lor laisse core	e lançarote enquelo vido fue alla	1275
1458	et dit	e dixoles	1276
1459	que mort sont	si vos no tenedes|por vençidos yo vos matare	1277|1278
