,micha_ii-61.txt,inc-ii-61.txt,lanzarote-ii-61.txt,sommer_tome_4-ii-61.txt,lancellotto-ii-61.txt
0,— Naie par foi fist Joseph ains sui crestiens,Nenny par ma fop fait il ains suis chrestien,no|por buena fee dixo el antes soy xpistiano,Et estes vous fet il lsarsal sarrazins|Nenil voir fait il ie sui crestiens,Padre
1|2|3,et croj el Pere|et el Fiz|et el Saint Esperit; n a fors un Dieu,et croys le pere le filz|et le saint esperit,e creo enel padre|e enel hijo y enel espirtu santo,et croi le pere|& le fil|& le saint esperit,e uno Spirito Santo|si è una cosa|e non v à fõrse uno solo lddio
4,et cil est,qui nest,que es vn dios,& que il nest,si possente
5|6|7|8|9|10,si poissans qu il puet fere les mors a resusciter|et de cels|qui ont esté malvés|et desloials puet il fere buens|et droituriers ne nus n est tant pecheor se il s acorde a lui qu il ne le face venir al desus de tos ses I anuis|Et il a bien mostré voiant vos tos qu il est Diex,que ung seul dieu Celui peut toutes choses faire uenir:|et nul ne est|si pecheur sil se accorde a lui quil ne face uenir au dessus de ses ennemis ne a la puissance de lui ne se peut nul prendre,que puede toda cosa fazer|e faze el viuo morir|e el muerto rresuçitar|e de malo|e desleal puede façer bueno|e leal|e no ay tal|por pecador,que vns seuls diex|et cil puet toutes choses faire uenir|Ne nuls nest,che può fare gli uomini risucitare da morte a vita|e di quelli|ch ânno stati malvagi|e disleali può elli fare buoni|e diritti né nullo non è tanto peccatore s elli s acorda con lui|ch elli nol faccia venire al di suso de' suoi animici|E elli à ciò ben mostrato vegendone tutti
11,et puissans sor tos autres ne a la,,que sea|que si ael se torna,si pechierres,ch egli è lddio possente sopra tutti gli altri né alla possanza di lui non
12,puis sance de lui ne se puet nus pooirs prendre,,que le no faga veer todo plazer,sil se veult racorder a lui,si può nulla cosa aguagliare
13|14|15|16,et ce poés vos bien veoir par ces ymages|que vos clamiez diex|et en cui vos creez qu il a|si acraventés,,e bien mostro agora|que es poderoso sobre todos los poderosos|e asu poder non se puede otro acostar|e esto podedes vien ver|e por estas ymagines,quil ne le face uenir al desus de tous Sses anemis|Ne a la poissance de lui ne se puet nus prendre,; 'e ciò potete vo' ben vedere per queste immagini|che vo' chiamate lddio in cui vo' crede'|ch egli à|si isfracelati
17|18|19,et afondrés qu il sont tuit ars|— Certes fet Mategrant je voi bien qu il est assés plus puissans|que je ne cuidoie,Certes dit mathagrans ie uoy bien quil est plus puissant|que ie ne cuidoie,que llamades dioses|que quemo çierto dixo matagrant yo veo bien,Ieaszal Nertes fait mathagrans iou voi bien quil est plus poissans|que iou ne|qui U doie,e fenduti|che sono tutti arsi|—Certo disse Mategranz io veggio bene|ch egli à assa' più possanza|ch io non credeva
20,et se il raisoit,et sil faisoit,que es,Et sil faisoit,e s e' facesse
21|22,tant que mes freres fust resuscités|si qu il parlast a moi jamés ne croiroie en autre dieu se en lui non,tant que mon frere fut resuscite|et quil parlast a moy iamais ne croiroie en autre dieu|que en lui,ansi poderoso|que si el rresuçita ami hermano|que me pudiese fablar jamas non creeria en otro dios sino enel,tant que mes freres fust resuscites|& quil parlast a moi|iamais ne creroie en autre dieu quen lui,tanto che mio fratello fosse risucitato sicch elli parlasse a me giamai non crederei in altro lddio se none in lui
23,Quant Joseph or ce,QUant ioseph ouist ce,Quando josepe oyo aquello,Et quant ioseph oi chou,Quando Giuseppo udi ciò
24|25,que Mategrant disoit|si s agenoille a terre,que matagrans disoit il se agenoulla incontinent,que matagran deçia finco los ynojos,que mathagrans disoit|Il sagenoille maintenant,che Metagranz diceva sissi inginocchiò in terra
26,et dist Diex,et dist,e dixo dios,& dist|biau sire diex,e disse
,,,,,Al bel dolze Sire lddio
,,Sire dieu,,,
27,qui estoras le monde,qui creas le monde,que el mundo criaste,qui estoras le monde,che criasti el mondo
28,qui feis la lune,et fiz la lune,e feçiste alos malos judios,et qui feis la lune,e facesti
29|30,et le soleil|et les,et le soleil,e feçiste el sol|e la luna,et le soleil|et lez,e l sole|e la luna
31|32,III|elemens,et feiz les quatre elemens,e los quatro elementos,iiij|elemens,e quatro alimenti
33,qui deignas nestre de la Virge pucele,et uouluz naistre de la uierge marie:,e quisiste naçer dela virgen sancta maria,& daignastes naistre de la virgene marie,e che degnasti nascere della Vergine Pulcella
34,qui fus pendus en la sainte Crois,et qui fuz pendu en la croix:,e fuiste puesto enla cruz|e sufristes alos malos judios,et fustes pendus en la crois,e che fosti messo nella Santa Croce
35,et te laissas escopir,et te laissas batre,que te firiesen,& te laissas batre,e ti lasciasti scopare
36,et batre,et ferir,e escupiesen,& ferir,e battere
37|38|39,et ferir as felons Juis|et volsis goster de la mort|por ton pueple raiembre des paines d enfer sire ensi vraiement com tu resuscitas de mort ensi faces i tu miracle de cest mort apertement voiant tos cels,et lier a la tache pour ton peuple rachater des peines denfer|Si uraiement comment tu resuscitas de mort au tiers iour ainsi faces tu miracle de se mort uoirement|et appertement uoyans tous tous ceulx,e quisiste morir enla cruz|por saluar todo el pueblo delas penas del ynfierno señor|ansi como tu verdaderamente rresurgiste de muerte|ansi faz tu milagro deste muerto,et loier a lestache|& uolsis: goster mort en la sainte vraie crois pour ton puele rachater de la mort denfer|Si vraiement com tu resuscitas au tierc ior de mort|si vraiement com ce fu voirs ensi faces tu miracles de cest mort,e fedire a' fellon Giudei|e volesti gustare della morte per tuo popolo ricomperare di pene dello inferno insi veracemente come tu risucitasti da morte insi facci tu miracolo di questa morte apertamente vegendo tutti quelli
40,qui ci sont,qui cy sent,Porque abiertamente vean todos aquestos|que tu heres poderoso de todas cosas,vraiement,che qui sonos
,,,,,Allora
,,,,,si dirizò Giuseppo
,,Lors se drece loseph,,,
41,et aprés ce ne demora gueres,aprez ne demoura gaires,entonçes se leuanto josepe|e no tardo mucho,,e apresso ciò non dimorò guari
42,que li mors se leva de terre sains,que le mort se leua de terre,que el muerto se leuanto de tierra sano,,che l morto|si levò di terra Sano
43,et haitiés,,e alegre,& apertement,e atato
44,et cort cele part ou il voit Joseph;,,e fue aquella parte|do estaua josepe,,e corse in quelle parti ove vide Giuseppo|;
45,si li baisse les piés,,e besole los pies,deuant tous cheuls,si gli baciò
46,et dist,,e dixo,qui chi sont,e piè
47|48,si que tuit l entendent Veez ci le saint homme|qui despendi le fiz Dieu de la vraie crois,,ansi que todos lo entendieron vedes aqui el ome|que desçendio el hijo de dios dela vera cruz,ors se drece ioseph en estant,e disse sicché tutti lo ntenderono|Vedete qui el santo huomo|che levò el figliuolo di Dio della Verace Croce
49|50,et Dieus l a envoié entre nos|por ce,,e dios noslo ymbio entrenos,& apres ne demora gaires,e Dio l à mandato intra voi per ciò
51,que vos soiés baptisié lkar autrement ne poés vos eschaper de la pardurable mort d enfer,,para que seamos bautizados|que de otra manera no podriamos escapar delas penas del ynfierno,que li mors se Lreleua de terre,che voi siate battezati|e altrimenti non potete voi scampare la perdurabile morte di ninfernos
52|53,Quant Joseph vit le mort resuscité|si plora de pitié,Quant ioseph uist le mort resuscite|si ploura de ben cuer,e quando el hermano vido el muerto rresuçitado començo a llorar con piedad,Et quant ioseph uit le mort resuscite|si plora de bon cuer,E quando Giuseppo vide el morto risucitato|si pianse di pietà
54,et mercia Dieu de buen cuer;,et mercia dieu doulcement,e agradesçiolo mucho a dios,& en merchia dieu moult doucement,e rendé gratie a Dio di buon cuore
55|56,si dist a cels|qui entor li estoient Seignor or poés vos bien dire,et dist a tous ceulx|qui deuant lui estoient|Seigneurs or pouez uous bien dire,e dixo agora podedes ver señores,puis dist a chiaus|qui deuant lui estoient|Segnor or poes vous bien sauoir,e disse a coloro|che ntorno lui erano|: Signori or potete vo ben dire
57|58,que cil de cui je vos al parlé est Diex|et puissans sor tos autres,,que aquel dequien vos fable es poderoso de todas las cosas sobre todos los otros,que cils diex,che quello lddio di cui io vo ò parlato est lddio possente sopra tuti gli altris
59,— Certes fet Mategrant c est voir ne jamés ne creirai en autre Dieu,,entonçes dixo matagrant çierto es verdad|e jamas non creere en otro dios sino en,,— Certo disse Mategranz ciò è vero né giamai non crederò in altro lddio
,,,aquel que rresuçito ami hermano sergon,,
60|61,que en lui|kar je sai bien des qu il a Argon mon frere resuscité qu il est Diex sans per,que celui|que ie uous dis est dieu puissant sur tous les autres,que ansi se llamaua|el que rresuçito|ca el es dios sin par,dont ie vous di est li plus poissans de tous lez autres,che in lui|ch i' so bene da ch'egli à Agon mio fratello risucitato|ch egli è tutto possente
,,,,,Atanto
,,,,,si lasciano tutti quelli della piaza cadere a' piè di Giuseppo
62,et distrent a haute vois Sire nos nos metons del tot en vostre conseil; se nos avons par mescreance foloié ça en arieres nos somes prest de lamendier a vostre los ne jamés ne ferom rien,A ce mot se laisserent tous cheoir aux piez de ioseph en disant a haulte uoix|Sire nous sommes a uous du tout se nous auens par mescreance follie faicte nous sommes tout prestz de lamender,entonçes se dexaron todos caer alos pies de josepe quantos estauan en aquel lugar|e dixeron a grandes vozes señor todos nos somos metidos envuestro poder a façer todo porvuestro consejo,A cel mot se laisserent tout cheoir as pies ioseph|et dirent a hautes vois Sire nous sommes a vous del tout,e dissono ad alte boci|; ue noi abiamo per miscredenza fallato qua in adietro noi siamo presti dello amendare a vostro lodo né giamai non faremo nulla
63|64|65|66|67|68|69|70,qui encontre vostre volenté soit|Enseigniés nos|quel loi nos devom tenir|et en|quel maniere|et nos la tendrom|Ensi furent cil del chastel converti|et baptisié,Enseignes nous quelle loy nous deuons tenir|Ainsi furent ceulx du chasteau cenuertiz,e si fasta aqui herramos|por locura enmendarlo hemos segund vos noslo mandaredes|Ca jamas non faremos cosa contravuestra voluntad|e enseñadnos|que ley auemos de tener|que tal la tomaremos en tal manera fueron conuertidos todos los deaquel castillo|e bautizados,et se nous auons par mesconnissance folie faite|nous sommes prest de lamenderEnseignies nous|quel loy nous deuons tenir|Et ensi furent cil del castel conuerti,che contro a vostra volontà sia|e n quale maniera|: noi la terremos|e battezati
71,Et quant li seneschals,Quant le seneschal,Quando el senescal,Et quant li senescaus,E quando il siniscalco
72,qui avoit feru Joseph par mi la cuisse vir,qui lauoit feru parmi la cuisse uist,que auia ferido a josepe enla pierna vio,qui lauoit feru parmi la quisse vit,che avea fedito Giuseppo per me la coscia vide
73,que tuit se crestienoient,que tous receuoient baptesme,que todos auian rresçebido bautismo confeso alli antetodos,que tuit receuoient baptesme,che trastutti cristiniavano
74,si reconuit oiant tot le pueple comment il avoit feru Joseph,si recongneut oyans tous qu il auoit feru ioseph,como el auia a josepe ferido porla pierna,si reconnut oiant tous comment il auoit feru ioseph,si confessò udendo tutto el popolo com elli avea fedito Gioseppo
75,et comment l espee estoir brisiee,et comment lespee estoit brisee,e como la espada se quebrantara,& comment sespee auoit este brisiie,e come la spada era rotta
76,et je cuit fet il,et ie cuide fait il,e bien cuido dixo,Et iou quit fait il,E i' credo diss elli
77,que vos en troverois l autre moitié en sa cuisse,que uous trouuerez lautre moitie en sa cuisse,el que le fallaredes la otra mitad enla pierna,que vous troueres lautre moitie en sa quisse,che vo' vi troverete l altra rotta nella coscia
,,Lors y fist matagrans regarder,,,
78,si troverent l espee;,si trouua lespee,entonçes fiço matagrant catar a josepe,ors fist mathagrans garder en la quisse ioseph|si troua on la piece de Llespee,si trovarono la spada
79,et quant virent ce,Quant ilz uirent ce,e vieron la espada,Et quant il uirent chou,e quand
80,si en furent molt esmaié;,si en furent moult esmaiez,e fueron muy espantados todos,si en furent esbahi,e vidono ciò furono molto ismagati
81,si dist MategrantSire comment portois vos garir,et lors dist matagrans Sire comment pourrez uous garir,e matagrant dixo señor|como podriades vos guarir bien dixo el,Et lors dist mathagrans|sire comment porres vous garir,si disse Mategranz
82|83,? — Bien se Dieu plest fist Joseph|mais vos serois avant sanés de la plaie de vostre chief,Bien dit il,si avos pluguiere seredes sano antes devuestra llaga devuestra cabeza,bien fet il se dieu plaist|mais vous seres aincois garis de la plaie,? — Bene se Dio piace disse Giuseppo|; ma voi sarete inanzi sanato della piaga divostro capos
,,,,que vous aues en la teste,
84|85,Lors fist aporter le remanant de l espee ou le pont|et le heut estoit,Lors fist apporter le demourant de lespee ou la pongniee estoit,e luego fizo traer la otra parte dela espada|e despues fizo,Lors fist erranment aporter la piece de lespee ou li posilns|& li heus estoit,eAllora|si fece aportare el rimanente della spada ove el pome|e l elsa era
86|87,si fist le seigne de la crois sor la plaie Mategrant|et ele fu tantost garie,si fist le signe de la uraie croix sur la playe:|et elle fut tantost garie,luego la señal dela vera cruz sobrela llaga de matagrant|e luego fue guarido,si fist le signe de la vraie crois sor la plaie|et elle fu tantost garie,si vi fece el segno della santa croce sopra la piaga di Maternanz ed e' fu tantosto guarito
88,Puis traist hors de sa char la piece de l'espee,ap̃s trait hors de sa cuisse lespee,e despues tiro la pieça dela espada desu pierna,puis traist hors de sa quisse le piece de lespee,Poscia trae fuori di sua carne la spada
89|90|91|92|93,qui dedens estoit; mes trop se merveillierent tuit cil|qui la virent|kar au retraire n issi de la plaie gote de sanc|et l espee estoit|si clere,mais trop se merueillerent tous ceulx|qui le uirent|car au traire ne uirent oncques issir goutte de sang,mas mucho se marauillaron todos aquellos quelo vieron|e al sacar caya dela Punta gotas de sangre|e la pieça dela espada salio tan clara,mais moult sesmerueillent tout cil quil le virent|quar au retraire nen virent il issir goute de sanc|Et lespee estoit|si clere,e l apicca|: allora furono tutti per lo castello cristiani|Si visse poi Argons otto giorni
94,et si blanche qu il sambloit c onques ne fust en char entree De ce se merveilla tos li pueples,,como si nunca vbiera entrado en carne|e desto se marauillo mucho todo aquel pueblo,& si blance kil sambloit bien kelle neust onkes entre en char|si sesmierueille tous li pules,
95|96,et quant Josepf fint les ll|moitiés del brant,Quant ioseph uist ces deux pieces de lespee,e quando josepe vido las dos pieças dela espada dixo ay espada buena,Et quant ioseph tint lez|ij|pieces de lespee,e quando Giuseppo
97|98,si dist Ha espee jamés ne seras soldee devant|que cil te tendra a ses mains,si dit|haa espee iamais ne serez ressoudee deuant|que celui la tendra en ses mains,e fermosa jamas non seras juntada fastaque te tenga ensus manos,si dist|Espee ne seras resoldee deuant chou|que li mieldres cheualiers del monde te tenra entre sez mains|& chiert cil,
99,qui les hautes aventures del Graal devra asso mer;,qui les haultes auantures du saint graal mettra a fin,aquel que las grandes auenturas del sancto grial llebara al cabo|mas luego,qui lez hautes auentures del saint graal metera à fin,
100|101|102,mais si tost com il te tendra|si rejoindras a force|Et cele partie,mais si tost comme il la tendra reioindront les deux pieces ensemble,que te terna te juntaras afina fuerça|e esta pieça,Mais si tost comme il te tenra reioindront lez|ij|pieces ensamble|Et celle partie ki en ma,si parti del castello
103|104|105|106|107,qui en ma char entra ne sera jamés veue nule fois|que sanc n en isse|tant que cil|qui la soudera la tiegne|Ensi jura loseph de l espee,Adonc furent baptizes,que enmi carne entro no sera jamas vista|que no heche gotas de sangre fastaque aquel la çiña|e ansi dixo josepe desta espada,car entra ne sera iamais ueue ke li sans nen isse deuant ke cil le tiengne|Ensi iuga ioseph de lespee Adont furent baptisie,si ritenono là entro la spada
108,et lors furent par le chastel crestienez,et chrestiennez les sarrazins du chasteau,e desta guisa fueron bautizados todos los del castillo,& crestienne tout li sarrazin del castel:,e la guardarono in gran carità “tanto
109|110|111,Si vesqui|puis Argon VIll|ans;,Si demoura ioseph a la uille grant piece,e matagran|e argon,si uesqui argon|viii|iorz;,ch io la conquisi a molto gran pena|; s
112,et quant loseph se parti del chastel,,e josepe estubo alli ya|quanto en aquel castillo,& quant ioseph se parti dou chastel,
113|114|115,si refindrent laiens l espee|et la garderent a grant chierté|tant que je la conquis oan a molt grant paine,Et quant il sen partist ilz retindrent lespee a grant chierte|tant que ie la conquis ouan a moult grant peine,e despues partiose ende|e desque dende se partio josepe finco alli la espada a gran honrra fastaque yo la conquise,si retindrent laienz lespee|& la garderent en grant chierte|tant que ge la conquis com a grant paine,
116,Et bien sachiés,,e sabed,& bien sachoiz,e ben sapiate
117,que je i oi molt grant travail ains,,que yo oue ante gran trauajo,que gi oi moult grant trauail einz,ch i' v ebbi molto gran travaglio inanzi
118|119,que l euisse par devers moi;|et puis,Et puis,que yo la lleuase sobremy,que ge le leusse par deuers moi|Et puis,ch io l avessi|e poscia
120|121,que je l oi vos di je bien qu ele ne fu traite del fuere iors orendroit:|si la port aventure trover celui,,e vien vos digo,que iou loi conquise ne fu elle traite fors ore|si la port toz iorz ouec moi|por ce,ch io l ebbi vo dich io bene|ch ella non fu tratta del fodero forse oraindiritto|Si lla porto tutto giorno con esso meco perch io credo per alcuna strana aventuTa trovare colui
,,,,que ge cuidoie par aucune auenture trouer celui,
122,qui la rejoinsist,,que despues,qui la reioinsist,che lla risaldasse
123|124|125,et mesmement de yos avoie je grant espoir|que vos la rejoin¬ sissiés|kar il n est encore de nul chevalier,,que la yo ove|que nunca fue sacada de su vaina saluo agora,& meesmement de uos auoie ge grant espoir|que uos la reioinsissiez|quar il nest encore de nus cheualer,Medesimamente di voi avea io grande speranza|che voi la rigiugnesse ché non è ancora di nullo cavaliere trasi gran parola come di voi
126,si grant parole come de vos;,,e yo la traigo cada dia conmigo,si grant parole comme de uos,;
127|128|129|130|131|132,et quant vos i avés failli je ne sal|qui í puisse recovrer|Or avés oi|por quoi ele saine t|por quoi je port ll|espees,que lay conquise uous dis ie bien|que elle ne fut traicte dehors Or auez ouy pour quoy elle saigne,porque cuido fallar|por auentura aquel quela a de juntar|mas en vos mesmo auia muy gran fiança quela auiades de juntar|ca no ay agora enel mundo|que yo sepa cauallero de tan gran nonbardia,& quant uos y auez falli ge ne sai|qui i puist recourer ore aues oi porcoi elle saine,e quando vo' v avete fallito io non so a cui mi possa ricoverare|Ora avete udito perch ella sanguina|e perch io porto due pade
133|134,Et savés vos|por quoi je m agenoillai devant li,et sauez uous pour quoy ie laporte: pource,como vos|e pues vos auedes aqui fallesçido no se quien pueda esto acabar agora auedes oydo|que esta espada es,Et ce porcoi ie magenoillais,E sapete voi perch io m inginocchio davanti lei
135|136|137|138|139|140,? le m i agenoillai|por ce|que ¡e sai bien qu'ele est sainte|kar par|si seront achevees es aventures del saint Oraal|et maint miracle en ai e veu,que ie scay bien|que elle est saincte,ansi e|porque traigo dos espadas y sabedes|porque me ynojaba ante ella|porque se bien|que es cosa sancta|ca porella seran acabadas las auenturas del sancto grial pues tal milagro della a de venir,cest pour chou quele est sainte,? Per ciò|ch io so bene|ch ella est santa cosa|e che per lei fieno acivite l aventure del Santo Gradale|e molti miracoli n ô io veduti poscia
141,puis que je la portai premierement,,e yo la traxe primeramjente,,ch io la portai primieramente
142|143|144,Et por quoi fet Hestor le baisastes vos|? —|Por ce fet il,Et pour quoy fait hector la baisastes uous|Pour ce fait il,e porque dixo estor la vesastes,Et porcoi fet hector le baisastes vous|por ce fet il,— E perché disse Astor la basciaste voi|? — Per ciò diss elli
145|146,que le jor|que je le baise ne recevrai je mortel plaie;,que le iour|que ie la baiseray ie ne receuray mortelle plaie,porque el dia quela vesare no rresçibire llaga mortal,que le iour|que iou le baise ne receuerai iou la mortel plaie,che giorno|ch io la bacio non riceverò io mortale piaga
147,et quant je dis ore a mon seignor Gauvain qu il m avoit de mort rescos ne me menbroit il pas de l espee,,e quando yo dixe adon galuan|que el me auia librado de muerte no me acordaua desta espada agora me deçid dixo don galuan,,e quando dissi ora a monsignor Galvano|ch elli m avea di morte riscosso non mi ricordava elli passo niente della spadas
148,— Or me dites fet mesire Gauvain comment vos avés non,Or me dictes fait messire gauuain comment uous auez nen,,Or me dites fait mesires Gauuain|Comment vous aues non,— Or mi dite dice monsignor Galvano come voi avete nome
149|150,— Certes fet cil j ai non Eliezer|si sui fiz al Riche Roi Pescheor,Certes dit il iay nom helye le filz du roy,como auedes nombre señor yo he nombre eliascar el fijo del rrico rrey pescador,Certes fait il iai non helysezler|?|li fils au riche roy pescheor,— Certo disse elli i' ô nome Eliezer|si son figliuolo del Ricco re Pescatore
151|152,qui tient le saint Graal en sa maison|—,qui tient le saint graal en sa maison,que tiene el rrico grial ensu casa pues enque demanda andas dixo don galuan çierto yo ando en demanda de juntar esta espada,qui tient le saint Graal en sa maison,che tiene il Santo Gradale in sua magione|— E
153|154|155|156|157,Et qu aliés vos querant|? fet mesire Gauvain|— Certes iet cil je vos aloie querant|por ceste espee Ejoindre har je cuidoie bien|que vos n'i fausissiés pas;,Et que querez uous dist messire gau|Ie uous quier dit il pour reioindre ceste espee,e agora vos dire|que fare dixo don galuan ya vos oystes|que somos metidos enla demanda del mejor cauallero del mundo donde non sabemos,Et que ales vous querant fait mesires Gauuain|Certes fait helysezler ie vous aloie querant pour ceste espee reioindre,che andate voi cheggendo in questo paese|? disse monsignor Galvano|— Certo disse Eliezer io voi andava cheggendo per la maraviglia di questa spada mettere a fine|e risaldare questa brisciatura|ch io credeva bene|che voi non vi fallaste
158|159,et puis|que vos i avés failli je cuit bien,Ie uous diray foit messire gau,,Or vous dirai fet mesires Gauuain,; Pe poscia|che voi v avete fallato io credo bene
160,que chevaliers n i aviegne mes a piece,,,,che cavaliere non ciaverà mai in pezza
,,,,,ll me— Or vo dirò io disse monsignor Galvano
161|162|163|164,que vos lerois|ll est voirs|que nos somes meu en la queste del nellor chevalier del monde|dont nos ne savons rien yil est mors ou vis,que uous ferez|Nous sommes esmeuz en la queste du meilleur cheualier du mende,si es muerto|si vibo,que vous feres|Il est uoirs|que nous sommes esmeu en la queste del mellor cheualier del monde|dont nous ne sauons sil est mors ou non,che vo farete|: egli è vero|che noi siamo movuti in chesta per lo miglior cavaliere del mondo|donde noi non sapiamo s egli è morto o s egli è vivo
165,et por ce vos loeroie je en droit conseil,si uous loeroie en droit conseil,e ansi vos lo aria|por derecho consejo,Si vous loeroie en droit consel In,e perciò vo loderei io in diritto consiglio
166,que vos venissiés avec nos,que uus uenissez auecques nous,que andubiesedes con nosotros fastaque lo fallemos,que vous lvous en uenissiez aueques moi,che voi veniste con esso noi
167,tant que nos l euissons trové ou loing ou pres se trovez puet estre,tant que nous leussens trouue se trouuer le pouons,si fallado puede ser|e yo se bien,tant que nous leussons troue|& se nous le trouons fait il,tanto che noi l avessimo trovato o lungi o presso se trovar|si puote
168,Et ¡t sai bien qu'il achevera ceste aventure se mortels proesce í puet avoir mestier,et ie scay bien|que celui acheuera la besongne se mortelle proesse y pouoit auoir mestier,que aquel cauallero aCabara esta auentura|si mortal proeza y ha menester,sachies quil achieuera la besoigne|se mortel proece y puet auoir mestier,ch elli accivirà questa aventura se mortal prodeza vi può avere mestieri
169|170,— Ki est cil fet li chevaliers|que vos dites,Qui est celui dit helie,e quien es ese dixo eliazar,Qui est cil fait helysez ler|qui est de,— E chi è colui disse el cavaliere|che vo dite
171|172,qui tant est de haute proesce|? — Cest fet il mesire Lancelos del Lac,qui est de|si haulte prouesse|fait monsigneur gauuain cest lancelot du lac,que es detan alta proheza Dixo galuan Lançarote del lago,si haute proece|Enon dieu fait mesires Gauuain cest mesire lancelot del lac,che tanto est d alta prode za|? — Ciò êl disse monsignor Galvano Lancellotto de Lago el figliuolo del re Bando di Benoic— sePer mia fé disse quelli in vostra chesta non mi metterò io mica
173,kar Fres al pas le crgé ams men iel la,par ma foy fait celluy en uostre queste ne me mettray ie point|car ie nen ay mie le cengie,Por buena fe dixo el envuestra demanda no me metere|ca no he dello liçençia antes me yre donde me vine,Par foy fait helysezler en la uostre queste ne me metrai iou ia,ch io non ò passo el comiato anzi me n andrò là dond io vegno
174|175,dont je nui; mes se vos le trovés nul lieu|si li poés dire,mes se uous le trouues en nul lieu|si luy dictes,mas si lo vos fallaredes en algund lugar vosle podredes vien dezir,quar iou nen ai mie le congie|mais se vous le troues en aucun lieu|si li poes dire,; vma se voi el trovate in nullo luogo|si gli potete dire
176|177,que s il velt ceste espee veoir|si viegne tot droit chiés le Riche Roi Pescheor lkar iluec porra il l espee trover,que ce il ueult ceste espee reioindre|si uienne chiex le toy pescheur|car illeuc la pourra trouuer,que si quisiere esta espada ver|que venga a casa del rrico rrey pescador|que ay la fallara,que sil veult ceste espee reioindre quil viengne en la maison au riche roy pescshleor,che s elli vuole questa spada avere|si vegna tutto diritto a casa el Ricco re Pelles ché nel luogo potrà elli questa spada averes
,,,,quar illueques me porra il trouer,
,,,,& ueoir,
,,et ueoir,,,
178,Et lors les commande a Dieu,Et lors le commanda a dieu,e encomendolos a dios,Et lors lez commande a dieu,Allor gli comanda ardDio
179,si s en vet entre lui,Si sen ua luy,e fuese el,si sen uait entre lui,e se ne va sua via intra lui f
180,et la pucele,et la damoyselle,e su donçella,& la damoisele,e sua pulcella
,,,,,che molto era bella cosa a vedere
,,que mensigneur gau,,,
181,et l escuier,amena la,e su escudero,quis monseignor Gauuain amena illuec|& sen vont chies le riche roy pescshleor,e lo scudieri
,,et sen uont chiex le riche roy pescheur,,,
182|183|184|185,et mesire Gauvain se depart de ses compaignons|si aquelt son chemin tos sols|et chescuns des autres fet autretel|Mes ore se taist li contes d els tos,et mensigneur gau|sen part de ses compaignons|et prent chascun son chemin|Mes ores se taist le compte de eulx,e don galuan se partio desus conpañeros|e los otros se partieron vnos de otros cadavno porsu camino|mas agora dexa el cuento de fablar destos,Et mesires Gauuain se depart de sez compaignons|Mais atant se taist ore li contes daus tous,ME monsignor Galvano|si diparte da suo compagnoni|si accoglie suo camino tutto solo|e ciascuno degli altri fanno altrettale
186,et parole d Agloval premierement Or dist li contes que,et parle de agloual premierement,e fabla de agraual Mas agora dexa el cuento de fablar desto|e torna a contar de agraual Agora dize el cuento,et parole dagloual tout premierement Chou dist li contes,
187|188,quant Agloval fu partis de ses compaignons qu il erra tot le jor entier sans aventure trover|qui face a amentevoir,Comme agloual cenquist griffon du maupas,que quando agraual se partio de sus conpañeros|que andubo todo aquel dia sin conpañia ni auentura fallar|que de contar sea tanto,que quant agloual se fu partis de ses compaignons quil erra toute ior sans auenture trouuer|qui a conter face,
189,Et la nuit iut en la maison a un hermite molt preudome,et deliura keu se senechal de prison,que vino a casa devn hermitaño muy buen omne,La Anuit uint a la meson dun hermite,
190|191|192|193|194|195,qui son pooir fist la nuit de lui aaisier a|L endemain se leva matin|et erra totes voies|et ensi cercha la forest|et de Ionc|et de lé,C|u|LE compte dist,que lo fizo seruir aquella noche a todo su poder|e otro dia se leuanto de mañana|e andubo tal avna floresta de luengo|e de ancho tanto,ou il herberga la nuit|Et lendemain se leua bien matin|et erra|iiij|iors parmi la forest de lonc|& de le Au quint ior entra en,
196|197,tant que ce vint al cinquime jor qu il vint un poì devant vespres en I|estroit sentier,que quant agloual se fust parti de ses compaignens quil erra tout le iour sans aduanture trouuer,que al quinto dia vino a vn sendero estrecho ante de visperas,j|sentier estroit,
198,Et lors encontra I,qui a compter fache,,Et lors encontra,
199|200|201|202|203|204|205,chevalier acorant sor|I|cheval|et fu armés de totes armes mes ses escus estoit detrenchiés amont|et aval|et ses haubers ros|et desmailliés,il alla cheulx ung hermite|et se herbega leans|et lendemain se leua matin|et erra parmy une forest tant quil uint au quint iour en ung sentier estroit|et lors encentra ung cheualier sur ung grant destrier arme de toutes armes son escu estoit amont|et aual tout deperchie,entonçes encontro vn cauallero|que venia sobrevn caballo corriendo armado de todas armas|mas el escudo traya de ençima ayuso todo despedaçado|e la loriga desmallada,j|j|destrier arme de toutes armes|& sez escus estoit amont|& aual tous depechies,eMa or|si tace atanto el conto di lor tutti
206,et ses hialmes depeciés,,e el yelmo muy enpeorado,,
207|208,et escartelés ;|et li sans li degote de la teste,et le sang luy degouctoit de la teste,e quebrado|e la sangre le salia dela cabeça,Et li sans li degoute de sa teste,
209,et des bras,,e delos braços,,
210,si que li haubers en estoit tos vermels e,,asi quela loriga hera vermexa dela sangre,,
211,Et quant il vit Agloval,Et il uit agloual,e quando agribal,Et quant il fu pres dagloual,
212,si vint vers lui al plus tost qu'il pout,si uint uers luy|et luy dist,ansi lo vido venir contrasi fue ael lo|mas ayna,si li dist,
213,et a li dist Ha gentils chevaliers aies merci de moi ne me laisse ocirre devant toi ! — Sire fet Agloval je ne voi encore nul,haa gentil cheualier pour dieu aies mercy de moy|et ne me lessies occhire deuant uous Sire fait agloual ie ne uois homme,que pudo|e el cauallero le dixo ay jentil cauallero no me dexedes matar ante ty señor dixo agribal yo no veo quien vos quiera malfaçer buen señor dixo el cauallero vos lo veredes muy ayna,ha : gentieus cheualiers aies merci de moi|et ne me laissies ocirre deuant uous,
,,,,Sire fait agloual iou ni voi encore nullui,
214,qui mal vos weille fere,qui mal uous uueille faire,que tras mi viene vn cauallero,qui mal vous face,
,,,,ne,
,,,,qui le vous uoelle faire,
215,— Bials sire fet cil vos le verrois par tens lar aprés moi vient ne sai quels chevaliers,Biau sire fait celluy uous le uerres par temps|car apres moy uient ung cheualier,,Biau sire fait il vous le verrois par tamps Car apres moi uient vns cheualiers|?,
216|217,qui me velt ocirre|et por noient,qui me ueult occhire pour neant,que me quiere matar sin|porque E ame|ansi llagado,qui me ueult ocirre|por noient,
218,et si m'a il ja navré com vos poés veoir,,como vedes agora non vos desmayedes dixo agribal,Et si ma il ia|si naure comme vous poes ueoir,
219|220|221|222|223,— Or ne vos esmaiés ret Agloval mes laissiés le venir tot seurement|si l atendés|et je vos creant loialment|que vos n i avrois ja mal sans moi|; A ces paroles se regardent,et si me a il ia|si naure comment uous poues uoir or ne uous esmayes fait agloual mes lessies le moy uenir tout seurement|A ces parolles|si regardent eux,mas dexaldo venir|ca yo vos prometo lealmente|que vos non aueredes y mal sin my|e ellos|ansi fablando cataron,Or ne vous esmaies mie sire fet agloual|mais laissiez le uenir tot seurement|j|cheualier arme de toutes armes,
224|225,et voient I|chevalier venir,ii,e vieron venir vn gran cauallero contraellos,Et Et|quant il vint pres,
226|227,si grant aleure com li chevals le puet aporter b|Sire fet li chevaliers a Agloval veés le ci,et uoient uenir ung cheualier lois dist le cheualier a agloual uees le cy,entonçes dixo el cauallero agribal señor vedeslo aqui e|(^el,si dist a agloual li cheualiers|qui naures estoit|Sire Vees uenir le cheualier,
228,Et il point maintenant vers lui quanqu il puet del cheval traire ;,et agloual point maintenant a luy,?,qui ocirre me veult|Et agloual point maintenant vers lui,
229|230,et cil li torne la teste de son cheval|quant il voit,Et celluy luy tourne la teste de son cheual,?|) agribal fue contrael|quanto el cauallo lo pudo llebar,Et cil li torne la teste de son cheual,
231|232|233|234,que cil li vient a l encontre e;|si s entreñerent|si durement|que li escu n ont duree qu il ne soient percié as fers des lances a,si sentrefierent|si durement|que les escus ne ont duree,e el cauallero endereço eso mismo el cauallo contrael|e firieronse muy fieramente ental manera quelos escudos no lo pudieron sufrir,si sentrefierent|si durement|que li escu ni ont duree,e parla d Aglovalle primieramente
235,Li chevaliers brise sa lance a l encontrer,le cheualier brise sa lance,e el cauallero quebro su lança,Li cheualiers brise sa lance,
236,et Agloval le fiert,et agloual le fiert,e agrabal lo firio,& agloual le fiert,
237|238,si durement qu il porte lui|et le cheval a terre,si durement quil fait uoller luy|et le cheual par terre,ansi duramente|que dio conel|e conel cauallo en tierra,si durement|que li escus ni ot duree|Ains le porte lui|et le cheual a terre tout en|j,giuso ché più nol vuole richiedere a cavallo per ciò
,,,,mont,
239,Mes cil,mes celuy,mas el,Mais cil,
240,qui molt estoit pros se relieve erraument,qui estoit preux se releua erraument,que hera muy buen ome se leuanto muy toste,qui moult ert preus|se releua erranment,
241,et trait l espee,et traict son espee,e saco la espada,& trait lespee,ch elli era a piè
242|243|244,et gete l escu sor sa teste|si fet grant samblant de soi deffendre|Et Agloval li cort sus tot ensi com il estoit armés,et fait lemblant de soy deffendre|et agloual luy court sus tout a cheual,e puso el escudo sobre la cabeça|e fizo senblante de se defender|e agribal fue ael|ansi de cauallo,& giete lescu sor sa teste|& fait bien samblant de lui desfendre,:
245,si a le fiert,si le fiert du piz du cheual,como estaua,& agloual le fiert,
246|247|248,si del pis del cheval qu il le refet voler a terre|Et lors descent jus lkar plus ne le velt requerre a cheval|por ce qu il estoit a pié;,si qu il le reffist uoller a terre|et lors deschendist ius du cheual,e firiolo delos pechos del cauallo|ansi que dio conel en tierra|e desçendio|luego ca no lo queria,si del pis del cheual quil le fait voler a terre Lors descent a terre,
249|250,si atache son cheval a un arbre|puis trait l espee,et traist lespee,mas acometer acauallo|e ato el cauallo a vn arbol|e saco la espada,,si atacca suo cavallo a uno albero poscia prende sua spada
251,et cort sus al chevalier; mes il le trueve,et si luy court sus|mes il le treuue,e fue contrael cauallero|e fallolo tal,,e corre suso al cavaliere ma elli el truova
252|253,si atorné|que cil n a pooir de soi relever de la ou il gist,si estonne quil ne a pouoir de soy releuer,que se non podia rreboluer,,si atornato|che non à podere di sé rilevare di là ove giace
254,et il li esrache le hialme de la teste,il luy errache le heaulme de la teste,e tirole el yelmo dela cabeça,,Ed|e li arappa l elmo della testa
255,et li abat la ventaille,et luy abbat la uentaille,e el auantal dela loriga,,e gli batte la ventaglia
256|257,et dist qu il li coupera le chief s il ne se tient|por outré,et dist qu il luy couppera la tese se il ne se tient pour oultre,e amenazole quele cortaria la cabeça sino se tubiese|por vençido,,e dice|che gli colperà el capo se non|si tiene per oltrato
258,Et cil oevre les iex,et celluy oeuure les yeux,,,Ed egli apre gli occhi
259,qui assés estoit a mal aise e;,,,,che molto era misatato
260|261|262,et quant il voit l espee|dont cil li velt le chief couper|si a poor de mort,et quant il uoit lespee|si a trop grant paour de mourir,e el cauallero ovo muy gran pauor de muerte,,e quand e' vede la spad onde quelli il minaccia di colpare il capo|si à paura di morte
263,et crie merci,si crie merci,,,si grida mercé
,,et dist,,,
264,Ha frans chevaliers fet il ne m ociés mie lkar ie me tieng,Haa gentil cheualier ne me occhies mie|car ie me tiens pour oultre,e dixo ay jentil cauallero no me matedes|ca yo me tengo,,Al franco cavaliere diss elli non m uceidete mica|ch io mi tengo per oltrato
,,et luy rent son espee: agloual la recheust puys lui demande pour quoy il uoulloit occhire ce cheualier,,,
265,por outré;,et il dist,por vençido,,;
266|267,et veez ici m'espee|que je vos rent,que cestoit pour ung sien escuyer quil auoit auant hyer occhiz,e diole|luego su espada,,e vedete qui mia spada|ch io vo rendos
268,Et Agloval la reçoit,par ma foy fait agloual cestoit grant desloyaute|quant pour ung escuyer uous uoullies occhire ung cheualier,e agraual la rresçibio,,
269|270,et puis li demande|por quoi il voloit le chevalier ocirre,et pour ceste chose ie uous quitte men amende mes ie uueil|que uous uous mettes en la mercy du cheualier,luego e preguntole|porque queria matar aquel cauallero,quar plus ne le voloit touchier a cheual,; poscia el domanda perch elli voleva el cavaliere uccidere
271,Par foi fet il,et celluy dist,por buena fee yolo querria matar,,Per ciò
272,por ce qu il ocist avant ier un de mes escuiers ne soi,que si fera il uoulenlentiers|sy uint maintenant au cheualier,porque antier mato vn mi escudero,,ch e' m uccise l altrieri uno mio scudiere
273,por quoi:,et se agenoille deuant lny|et lui crie mercy du meffait,e no se,,si non so perché
,,et celluy luy pardonne uoullentiers,,,
,,et lors monte le cheualier cenquis sur son cheual,,,
,,et dist a agloual,,,
,,Sire il est meshuy bien temps de herbegier,,,
,,car la nuit appronche:,,,
,,et iay cy p̃z une mienne maison pour ce uous prie ie,,,
,,que uous y uiengnies huymes herbergier: agloual luy octroye,,,
,,puys demande aglonal au cheualier qu il auoit rescoux,,,
,,donc il est,,,
,,et il dit quil est du chastel de roguedon le,,,
,,quel est pres a une lieue englesche,,,
,,et se uous y uoulles uenir ie uous y honnoureroye sur tous hommes,,,
274,et por ce l oceisse je volentiers se j en fuisse venus al desus,car uous me aues de mort rescoux|or ie uous diray fait le cheuasier cenquis,porque e poresto lo mataria muy de grado|si vos no vinierades,,; aperciò l avessi io volentier morto s i' ne fossi venuto al di sopra
,,,por buena fee dixo agrabal esto hera muy gran desmesura,,
,,que uous feres uons deux: uous uous uendres herbeger auec moy,,,
,,si en ferens meilleur chere,,,
,,et agloual en prie tant le cheualier quil luy octroie,,,
,,lors sent tous,,,
275,Et al desus en venisse je par tens se je ne vos euisse encontré a,iii|retournes,quando por vn escudero queriades matar vn cauallero|e portanto vos mando,,e al di sopra ne fossi io per tempo venuto s i' non voi avessi incontrato
